time,treatment,od,blank
0,EtOH,0.0837,0.0823
1800.19,EtOH,0.083,0.0817
3600.19,EtOH,0.0839,0.082
5400.19,EtOH,0.0835,0.0817
7200.19,EtOH,0.0834,0.0819
9000.19,EtOH,0.0838,0.0817
10800.19,EtOH,0.0838,0.082
12600.19,EtOH,0.0841,0.0818
14400.19,EtOH,0.0842,0.0816
16200.19,EtOH,0.0845,0.082
18000.19,EtOH,0.0851,0.082
19800.19,EtOH,0.0854,0.082
21600.19,EtOH,0.0864,0.0821
23400.19,EtOH,0.0872,0.082
25200.19,EtOH,0.0883,0.0821
27000.19,EtOH,0.0902,0.0823
28800.19,EtOH,0.0923,0.082
30600.19,EtOH,0.0948,0.0815
32400.19,EtOH,0.0986,0.082
34200.19,EtOH,0.1032,0.0823
36000.19,EtOH,0.1085,0.082
37800.19,EtOH,0.1154,0.082
39600.19,EtOH,0.1224,0.0818
41400.19,EtOH,0.1291,0.0819
43200.19,EtOH,0.1372,0.082
45000.19,EtOH,0.1471,0.082
46800.19,EtOH,0.1566,0.0818
48600.19,EtOH,0.1684,0.0817
50400.19,EtOH,0.1818,0.0819
52200.19,EtOH,0.197,0.0817
54000.19,EtOH,0.2163,0.0821
55800.19,EtOH,0.2377,0.0822
57600.19,EtOH,0.2613,0.082
59400.19,EtOH,0.2887,0.0822
61200.19,EtOH,0.3179,0.0822
63000.19,EtOH,0.3471,0.082
64800.19,EtOH,0.3757,0.0822
66600.19,EtOH,0.4048,0.0819
68400.19,EtOH,0.4316,0.0822
70200.19,EtOH,0.4574,0.0821
72000.19,EtOH,0.4822,0.0817
73800.19,EtOH,0.5056,0.0821
75600.19,EtOH,0.5267,0.0821
77400.19,EtOH,0.5451,0.0819
79200.19,EtOH,0.5623,0.082
81000.19,EtOH,0.5785,0.0818
82800.19,EtOH,0.5928,0.0813
84600.19,EtOH,0.6064,0.0823
86400.19,EtOH,0.6182,0.0822
88200.19,EtOH,0.6291,0.0821
90000.19,EtOH,0.6389,0.0822
91800.19,EtOH,0.6476,0.0825
93600.19,EtOH,0.6554,0.082
95400.19,EtOH,0.6632,0.0819
97200.19,EtOH,0.67,0.0822
99000.19,EtOH,0.6763,0.0819
100800.19,EtOH,0.6815,0.0819
102600.19,EtOH,0.6866,0.082
104400.19,EtOH,0.6901,0.0816
106200.19,EtOH,0.6948,0.0822
108000.19,EtOH,0.6983,0.0823
109800.19,EtOH,0.7015,0.0822
111600.19,EtOH,0.705,0.0819
113400.19,EtOH,0.7086,0.0821
115200.19,EtOH,0.7121,0.0821
117000.19,EtOH,0.7155,0.0818
118800.19,EtOH,0.7191,0.0822
120600.19,EtOH,0.7222,0.0817
122400.19,EtOH,0.7247,0.0821
124200.19,EtOH,0.727,0.0822
126000.19,EtOH,0.7287,0.0821
127800.19,EtOH,0.73,0.0821
129600.19,EtOH,0.7314,0.0824
131400.19,EtOH,0.7314,0.0817
133200.19,EtOH,0.7322,0.0821
135000.19,EtOH,0.7322,0.0818
136800.19,EtOH,0.7313,0.0826
138600.19,EtOH,0.7306,0.0819
140400.19,EtOH,0.7292,0.0819
142200.19,EtOH,0.7282,0.0817
144000.19,EtOH,0.727,0.082
145800.19,EtOH,0.7247,0.0821
147600.19,EtOH,0.723,0.0821
149400.19,EtOH,0.7217,0.082
151200.19,EtOH,0.7185,0.0821
153000.19,EtOH,0.7157,0.0818
154800.19,EtOH,0.7137,0.0825
156600.19,EtOH,0.7103,0.0821
158400.19,EtOH,0.706,0.0819
160200.19,EtOH,0.7034,0.0821
162000.19,EtOH,0.6992,0.0822
163800.19,EtOH,0.6952,0.0825
165600.19,EtOH,0.6919,0.0821
167400.19,EtOH,0.6869,0.082
169200.19,EtOH,0.6821,0.082
171000.19,EtOH,0.6773,0.0821
172800.19,EtOH,0.673,0.0818
174600.19,EtOH,0.6678,0.0819
176400.19,EtOH,0.6628,0.082
178200.19,EtOH,0.6578,0.0821
180000.19,EtOH,0.6524,0.0816
181800.19,EtOH,0.6475,0.0818
183600.19,EtOH,0.6424,0.0819
185400.19,EtOH,0.638,0.082
187200.19,EtOH,0.633,0.0821
189000.19,EtOH,0.6272,0.082
190800.19,EtOH,0.6219,0.0817
192600.19,EtOH,0.6167,0.0822
194400.19,EtOH,0.6117,0.0818
196200.19,EtOH,0.6071,0.0822
198000.19,EtOH,0.6018,0.0818
199800.19,EtOH,0.5975,0.0821
201600.19,EtOH,0.5928,0.0816
203400.19,EtOH,0.5886,0.0819
205200.19,EtOH,0.5847,0.0824
207000.19,EtOH,0.5805,0.0821
208800.19,EtOH,0.5764,0.0821
210600.19,EtOH,0.5728,0.0819
212400.19,EtOH,0.5691,0.0818
214200.19,EtOH,0.5659,0.0818
216000.19,EtOH,0.5627,0.0821
217800.19,EtOH,0.5592,0.0815
219600.19,EtOH,0.5567,0.0814
221400.19,EtOH,0.5538,0.0822
223200.19,EtOH,0.5514,0.0818
225000.19,EtOH,0.5484,0.082
226800.19,EtOH,0.5463,0.0817
228600.19,EtOH,0.5436,0.082
230400.19,EtOH,0.5412,0.0819
232200.19,EtOH,0.5387,0.0817
234000.19,EtOH,0.5372,0.082
235800.19,EtOH,0.5353,0.0822
237600.19,EtOH,0.5337,0.0817
239400.19,EtOH,0.5316,0.0821
241200.19,EtOH,0.5303,0.082
243000.19,EtOH,0.528,0.0816
244800.19,EtOH,0.5266,0.0814
246600.19,EtOH,0.5256,0.0823
0,EtOH,0.0831,0.0838
1800.19,EtOH,0.0827,0.0832
3600.19,EtOH,0.0829,0.0834
5400.19,EtOH,0.0827,0.0832
7200.19,EtOH,0.0829,0.0832
9000.19,EtOH,0.0827,0.0832
10800.19,EtOH,0.0831,0.0831
12600.19,EtOH,0.0833,0.0834
14400.19,EtOH,0.0838,0.0836
16200.19,EtOH,0.0841,0.0834
18000.19,EtOH,0.0845,0.0837
19800.19,EtOH,0.085,0.0832
21600.19,EtOH,0.0857,0.0834
23400.19,EtOH,0.0867,0.0833
25200.19,EtOH,0.0879,0.0833
27000.19,EtOH,0.0891,0.0833
28800.19,EtOH,0.0919,0.0835
30600.19,EtOH,0.0946,0.0831
32400.19,EtOH,0.0985,0.0835
34200.19,EtOH,0.1029,0.0834
36000.19,EtOH,0.1083,0.0836
37800.19,EtOH,0.1141,0.0835
39600.19,EtOH,0.12,0.0835
41400.19,EtOH,0.127,0.0837
43200.19,EtOH,0.134,0.0833
45000.19,EtOH,0.1418,0.0836
46800.19,EtOH,0.15,0.0835
48600.19,EtOH,0.1606,0.0836
50400.19,EtOH,0.1732,0.0837
52200.19,EtOH,0.1885,0.0833
54000.19,EtOH,0.2065,0.0836
55800.19,EtOH,0.2256,0.0836
57600.19,EtOH,0.2479,0.0836
59400.19,EtOH,0.2717,0.0839
61200.19,EtOH,0.298,0.084
63000.19,EtOH,0.3233,0.0835
64800.19,EtOH,0.3495,0.0839
66600.19,EtOH,0.3751,0.0834
68400.19,EtOH,0.3997,0.0838
70200.19,EtOH,0.4235,0.0836
72000.19,EtOH,0.4456,0.0838
73800.19,EtOH,0.4674,0.0835
75600.19,EtOH,0.4871,0.0836
77400.19,EtOH,0.5051,0.0835
79200.19,EtOH,0.5214,0.0835
81000.19,EtOH,0.5369,0.0838
82800.19,EtOH,0.5507,0.0834
84600.19,EtOH,0.5632,0.084
86400.19,EtOH,0.5745,0.0835
88200.19,EtOH,0.5847,0.0837
90000.19,EtOH,0.5936,0.084
91800.19,EtOH,0.6012,0.0842
93600.19,EtOH,0.6087,0.0835
95400.19,EtOH,0.6158,0.0833
97200.19,EtOH,0.6223,0.0837
99000.19,EtOH,0.6275,0.0837
100800.19,EtOH,0.6324,0.0835
102600.19,EtOH,0.637,0.0834
104400.19,EtOH,0.6411,0.0835
106200.19,EtOH,0.6441,0.0836
108000.19,EtOH,0.6479,0.0837
109800.19,EtOH,0.6512,0.0837
111600.19,EtOH,0.6543,0.0835
113400.19,EtOH,0.6587,0.0839
115200.19,EtOH,0.6616,0.0836
117000.19,EtOH,0.665,0.0836
118800.19,EtOH,0.669,0.0839
120600.19,EtOH,0.6714,0.0833
122400.19,EtOH,0.6737,0.0837
124200.19,EtOH,0.6756,0.0836
126000.19,EtOH,0.6767,0.0839
127800.19,EtOH,0.678,0.0839
129600.19,EtOH,0.6789,0.0839
131400.19,EtOH,0.679,0.0835
133200.19,EtOH,0.679,0.0839
135000.19,EtOH,0.6792,0.0837
136800.19,EtOH,0.6783,0.0837
138600.19,EtOH,0.6776,0.0835
140400.19,EtOH,0.6766,0.0835
142200.19,EtOH,0.6758,0.0833
144000.19,EtOH,0.6741,0.084
145800.19,EtOH,0.6719,0.0837
147600.19,EtOH,0.6702,0.0835
149400.19,EtOH,0.6677,0.0839
151200.19,EtOH,0.6652,0.0836
153000.19,EtOH,0.6627,0.0834
154800.19,EtOH,0.6612,0.0839
156600.19,EtOH,0.6575,0.0837
158400.19,EtOH,0.6546,0.0835
160200.19,EtOH,0.652,0.0837
162000.19,EtOH,0.6479,0.0836
163800.19,EtOH,0.644,0.0835
165600.19,EtOH,0.6403,0.0835
167400.19,EtOH,0.6351,0.0837
169200.19,EtOH,0.6309,0.0838
171000.19,EtOH,0.6262,0.0833
172800.19,EtOH,0.6218,0.0835
174600.19,EtOH,0.617,0.0837
176400.19,EtOH,0.6125,0.0835
178200.19,EtOH,0.6072,0.0836
180000.19,EtOH,0.6008,0.0833
181800.19,EtOH,0.5963,0.0835
183600.19,EtOH,0.5912,0.0834
185400.19,EtOH,0.5862,0.0838
187200.19,EtOH,0.5814,0.0838
189000.19,EtOH,0.5758,0.0836
190800.19,EtOH,0.5705,0.0833
192600.19,EtOH,0.5658,0.0836
194400.19,EtOH,0.5602,0.0836
196200.19,EtOH,0.556,0.084
198000.19,EtOH,0.551,0.0837
199800.19,EtOH,0.547,0.0836
201600.19,EtOH,0.5419,0.0832
203400.19,EtOH,0.5382,0.0834
205200.19,EtOH,0.5348,0.0837
207000.19,EtOH,0.5308,0.0836
208800.19,EtOH,0.527,0.0836
210600.19,EtOH,0.5237,0.0834
212400.19,EtOH,0.5201,0.0834
214200.19,EtOH,0.5173,0.0835
216000.19,EtOH,0.5145,0.0838
217800.19,EtOH,0.5111,0.0834
219600.19,EtOH,0.5093,0.0835
221400.19,EtOH,0.5069,0.084
223200.19,EtOH,0.5043,0.0838
225000.19,EtOH,0.5019,0.0835
226800.19,EtOH,0.4996,0.0837
228600.19,EtOH,0.4978,0.0839
230400.19,EtOH,0.496,0.0837
232200.19,EtOH,0.4938,0.0831
234000.19,EtOH,0.4922,0.0833
235800.19,EtOH,0.4908,0.0835
237600.19,EtOH,0.4896,0.0837
239400.19,EtOH,0.4877,0.0838
241200.19,EtOH,0.4865,0.0838
243000.19,EtOH,0.4847,0.0833
244800.19,EtOH,0.4835,0.0833
246600.19,EtOH,0.483,0.0843
0,EtOH,0.0873,0.0823
1800.19,EtOH,0.0867,0.0817
3600.19,EtOH,0.0874,0.082
5400.19,EtOH,0.0868,0.0817
7200.19,EtOH,0.0872,0.0819
9000.19,EtOH,0.087,0.0817
10800.19,EtOH,0.0871,0.082
12600.19,EtOH,0.0876,0.0818
14400.19,EtOH,0.0879,0.0816
16200.19,EtOH,0.088,0.082
18000.19,EtOH,0.0888,0.082
19800.19,EtOH,0.089,0.082
21600.19,EtOH,0.0901,0.0821
23400.19,EtOH,0.0909,0.082
25200.19,EtOH,0.0921,0.0821
27000.19,EtOH,0.0938,0.0823
28800.19,EtOH,0.0962,0.082
30600.19,EtOH,0.0989,0.0815
32400.19,EtOH,0.1023,0.082
34200.19,EtOH,0.1072,0.0823
36000.19,EtOH,0.1125,0.082
37800.19,EtOH,0.1187,0.082
39600.19,EtOH,0.1243,0.0818
41400.19,EtOH,0.1316,0.0819
43200.19,EtOH,0.1408,0.082
45000.19,EtOH,0.1506,0.082
46800.19,EtOH,0.1607,0.0818
48600.19,EtOH,0.1726,0.0817
50400.19,EtOH,0.1874,0.0819
52200.19,EtOH,0.2033,0.0817
54000.19,EtOH,0.2218,0.0821
55800.19,EtOH,0.2413,0.0822
57600.19,EtOH,0.2641,0.082
59400.19,EtOH,0.2892,0.0822
61200.19,EtOH,0.3157,0.0822
63000.19,EtOH,0.3431,0.082
64800.19,EtOH,0.3714,0.0822
66600.19,EtOH,0.398,0.0819
68400.19,EtOH,0.4229,0.0822
70200.19,EtOH,0.4479,0.0821
72000.19,EtOH,0.4726,0.0817
73800.19,EtOH,0.494,0.0821
75600.19,EtOH,0.5151,0.0821
77400.19,EtOH,0.533,0.0819
79200.19,EtOH,0.5509,0.082
81000.19,EtOH,0.5662,0.0818
82800.19,EtOH,0.5803,0.0813
84600.19,EtOH,0.5936,0.0823
86400.19,EtOH,0.6062,0.0822
88200.19,EtOH,0.6154,0.0821
90000.19,EtOH,0.6257,0.0822
91800.19,EtOH,0.6352,0.0825
93600.19,EtOH,0.643,0.082
95400.19,EtOH,0.65,0.0819
97200.19,EtOH,0.6561,0.0822
99000.19,EtOH,0.6626,0.0819
100800.19,EtOH,0.6677,0.0819
102600.19,EtOH,0.6722,0.082
104400.19,EtOH,0.6765,0.0816
106200.19,EtOH,0.6809,0.0822
108000.19,EtOH,0.6853,0.0823
109800.19,EtOH,0.689,0.0822
111600.19,EtOH,0.6915,0.0819
113400.19,EtOH,0.6954,0.0821
115200.19,EtOH,0.6986,0.0821
117000.19,EtOH,0.7017,0.0818
118800.19,EtOH,0.7057,0.0822
120600.19,EtOH,0.708,0.0817
122400.19,EtOH,0.7104,0.0821
124200.19,EtOH,0.7127,0.0822
126000.19,EtOH,0.7142,0.0821
127800.19,EtOH,0.7153,0.0821
129600.19,EtOH,0.7157,0.0824
131400.19,EtOH,0.716,0.0817
133200.19,EtOH,0.7166,0.0821
135000.19,EtOH,0.7159,0.0818
136800.19,EtOH,0.7155,0.0826
138600.19,EtOH,0.7148,0.0819
140400.19,EtOH,0.7129,0.0819
142200.19,EtOH,0.7116,0.0817
144000.19,EtOH,0.7098,0.082
145800.19,EtOH,0.708,0.0821
147600.19,EtOH,0.7057,0.0821
149400.19,EtOH,0.7034,0.082
151200.19,EtOH,0.7004,0.0821
153000.19,EtOH,0.6983,0.0818
154800.19,EtOH,0.6952,0.0825
156600.19,EtOH,0.6912,0.0821
158400.19,EtOH,0.6874,0.0819
160200.19,EtOH,0.6843,0.0821
162000.19,EtOH,0.6803,0.0822
163800.19,EtOH,0.6769,0.0825
165600.19,EtOH,0.6723,0.0821
167400.19,EtOH,0.667,0.082
169200.19,EtOH,0.6619,0.082
171000.19,EtOH,0.6573,0.0821
172800.19,EtOH,0.6523,0.0818
174600.19,EtOH,0.6477,0.0819
176400.19,EtOH,0.642,0.082
178200.19,EtOH,0.6377,0.0821
180000.19,EtOH,0.6318,0.0816
181800.19,EtOH,0.6265,0.0818
183600.19,EtOH,0.6214,0.0819
185400.19,EtOH,0.6165,0.082
187200.19,EtOH,0.6113,0.0821
189000.19,EtOH,0.6063,0.082
190800.19,EtOH,0.6013,0.0817
192600.19,EtOH,0.5961,0.0822
194400.19,EtOH,0.591,0.0818
196200.19,EtOH,0.5868,0.0822
198000.19,EtOH,0.5817,0.0818
199800.19,EtOH,0.5769,0.0821
201600.19,EtOH,0.5728,0.0816
203400.19,EtOH,0.5683,0.0819
205200.19,EtOH,0.5648,0.0824
207000.19,EtOH,0.5606,0.0821
208800.19,EtOH,0.557,0.0821
210600.19,EtOH,0.5535,0.0819
212400.19,EtOH,0.5496,0.0818
214200.19,EtOH,0.5463,0.0818
216000.19,EtOH,0.5435,0.0821
217800.19,EtOH,0.5401,0.0815
219600.19,EtOH,0.5369,0.0814
221400.19,EtOH,0.5352,0.0822
223200.19,EtOH,0.5325,0.0818
225000.19,EtOH,0.5296,0.082
226800.19,EtOH,0.5271,0.0817
228600.19,EtOH,0.5252,0.082
230400.19,EtOH,0.5229,0.0819
232200.19,EtOH,0.5207,0.0817
234000.19,EtOH,0.5188,0.082
235800.19,EtOH,0.517,0.0822
237600.19,EtOH,0.5158,0.0817
239400.19,EtOH,0.5136,0.0821
241200.19,EtOH,0.5129,0.082
243000.19,EtOH,0.511,0.0816
244800.19,EtOH,0.5092,0.0814
246600.19,EtOH,0.5087,0.0823
0,EtOH,0.0854,0.0838
1800.19,EtOH,0.0848,0.0832
3600.19,EtOH,0.085,0.0834
5400.19,EtOH,0.0851,0.0832
7200.19,EtOH,0.0849,0.0832
9000.19,EtOH,0.0852,0.0832
10800.19,EtOH,0.085,0.0831
12600.19,EtOH,0.0855,0.0834
14400.19,EtOH,0.0858,0.0836
16200.19,EtOH,0.0861,0.0834
18000.19,EtOH,0.0867,0.0837
19800.19,EtOH,0.0877,0.0832
21600.19,EtOH,0.0882,0.0834
23400.19,EtOH,0.0889,0.0833
25200.19,EtOH,0.0903,0.0833
27000.19,EtOH,0.0922,0.0833
28800.19,EtOH,0.0949,0.0835
30600.19,EtOH,0.0974,0.0831
32400.19,EtOH,0.1004,0.0835
34200.19,EtOH,0.1033,0.0834
36000.19,EtOH,0.1066,0.0836
37800.19,EtOH,0.1106,0.0835
39600.19,EtOH,0.1149,0.0835
41400.19,EtOH,0.1194,0.0837
43200.19,EtOH,0.1243,0.0833
45000.19,EtOH,0.1321,0.0836
46800.19,EtOH,0.1402,0.0835
48600.19,EtOH,0.1497,0.0836
50400.19,EtOH,0.1602,0.0837
52200.19,EtOH,0.1709,0.0833
54000.19,EtOH,0.1822,0.0836
55800.19,EtOH,0.1944,0.0836
57600.19,EtOH,0.2095,0.0836
59400.19,EtOH,0.2268,0.0839
61200.19,EtOH,0.2457,0.084
63000.19,EtOH,0.2658,0.0835
64800.19,EtOH,0.287,0.0839
66600.19,EtOH,0.3084,0.0834
68400.19,EtOH,0.3283,0.0838
70200.19,EtOH,0.3479,0.0836
72000.19,EtOH,0.3663,0.0838
73800.19,EtOH,0.3837,0.0835
75600.19,EtOH,0.399,0.0836
77400.19,EtOH,0.4134,0.0835
79200.19,EtOH,0.4266,0.0835
81000.19,EtOH,0.4378,0.0838
82800.19,EtOH,0.4478,0.0834
84600.19,EtOH,0.4585,0.084
86400.19,EtOH,0.4674,0.0835
88200.19,EtOH,0.4751,0.0837
90000.19,EtOH,0.4831,0.084
91800.19,EtOH,0.4904,0.0842
93600.19,EtOH,0.4953,0.0835
95400.19,EtOH,0.5006,0.0833
97200.19,EtOH,0.5051,0.0837
99000.19,EtOH,0.5089,0.0837
100800.19,EtOH,0.5126,0.0835
102600.19,EtOH,0.5157,0.0834
104400.19,EtOH,0.5182,0.0835
106200.19,EtOH,0.5216,0.0836
108000.19,EtOH,0.5245,0.0837
109800.19,EtOH,0.5274,0.0837
111600.19,EtOH,0.5303,0.0835
113400.19,EtOH,0.5378,0.0839
115200.19,EtOH,0.5513,0.0836
117000.19,EtOH,0.5522,0.0836
118800.19,EtOH,0.5135,0.0839
120600.19,EtOH,0.4785,0.0833
122400.19,EtOH,0.4601,0.0837
124200.19,EtOH,0.4338,0.0836
126000.19,EtOH,0.4037,0.0839
127800.19,EtOH,0.3775,0.0839
129600.19,EtOH,0.3534,0.0839
131400.19,EtOH,0.3182,0.0835
133200.19,EtOH,0.2844,0.0839
135000.19,EtOH,0.2559,0.0837
136800.19,EtOH,0.2363,0.0837
138600.19,EtOH,0.2238,0.0835
140400.19,EtOH,0.2206,0.0835
142200.19,EtOH,0.2159,0.0833
144000.19,EtOH,0.2103,0.084
145800.19,EtOH,0.2065,0.0837
147600.19,EtOH,0.2041,0.0835
149400.19,EtOH,0.2034,0.0839
151200.19,EtOH,0.2004,0.0836
153000.19,EtOH,0.199,0.0834
154800.19,EtOH,0.1991,0.0839
156600.19,EtOH,0.1972,0.0837
158400.19,EtOH,0.196,0.0835
160200.19,EtOH,0.1947,0.0837
162000.19,EtOH,0.1939,0.0836
163800.19,EtOH,0.1928,0.0835
165600.19,EtOH,0.1912,0.0835
167400.19,EtOH,0.1903,0.0837
169200.19,EtOH,0.189,0.0838
171000.19,EtOH,0.1882,0.0833
172800.19,EtOH,0.1865,0.0835
174600.19,EtOH,0.1858,0.0837
176400.19,EtOH,0.1847,0.0835
178200.19,EtOH,0.1839,0.0836
180000.19,EtOH,0.1823,0.0833
181800.19,EtOH,0.1814,0.0835
183600.19,EtOH,0.18,0.0834
185400.19,EtOH,0.1796,0.0838
187200.19,EtOH,0.1779,0.0838
189000.19,EtOH,0.1769,0.0836
190800.19,EtOH,0.1758,0.0833
192600.19,EtOH,0.175,0.0836
194400.19,EtOH,0.1739,0.0836
196200.19,EtOH,0.173,0.084
198000.19,EtOH,0.1719,0.0837
199800.19,EtOH,0.1709,0.0836
201600.19,EtOH,0.1696,0.0832
203400.19,EtOH,0.1689,0.0834
205200.19,EtOH,0.1685,0.0837
207000.19,EtOH,0.1676,0.0836
208800.19,EtOH,0.1669,0.0836
210600.19,EtOH,0.1661,0.0834
212400.19,EtOH,0.1651,0.0834
214200.19,EtOH,0.1645,0.0835
216000.19,EtOH,0.1646,0.0838
217800.19,EtOH,0.1635,0.0834
219600.19,EtOH,0.1629,0.0835
221400.19,EtOH,0.1627,0.084
223200.19,EtOH,0.1622,0.0838
225000.19,EtOH,0.1615,0.0835
226800.19,EtOH,0.1613,0.0837
228600.19,EtOH,0.1608,0.0839
230400.19,EtOH,0.1604,0.0837
232200.19,EtOH,0.1598,0.0831
234000.19,EtOH,0.16,0.0833
235800.19,EtOH,0.1595,0.0835
237600.19,EtOH,0.1592,0.0837
239400.19,EtOH,0.1589,0.0838
241200.19,EtOH,0.1586,0.0838
243000.19,EtOH,0.1579,0.0833
244800.19,EtOH,0.1579,0.0833
246600.19,EtOH,0.1586,0.0843
0,EtOH,0.0846,0.0823
1800.19,EtOH,0.084,0.0817
3600.19,EtOH,0.0846,0.082
5400.19,EtOH,0.0843,0.0817
7200.19,EtOH,0.0842,0.0819
9000.19,EtOH,0.0846,0.0817
10800.19,EtOH,0.0846,0.082
12600.19,EtOH,0.085,0.0818
14400.19,EtOH,0.0851,0.0816
16200.19,EtOH,0.0856,0.082
18000.19,EtOH,0.086,0.082
19800.19,EtOH,0.0865,0.082
21600.19,EtOH,0.0873,0.0821
23400.19,EtOH,0.0881,0.082
25200.19,EtOH,0.0896,0.0821
27000.19,EtOH,0.0918,0.0823
28800.19,EtOH,0.0947,0.082
30600.19,EtOH,0.0974,0.0815
32400.19,EtOH,0.1005,0.082
34200.19,EtOH,0.1037,0.0823
36000.19,EtOH,0.1075,0.082
37800.19,EtOH,0.1118,0.082
39600.19,EtOH,0.1161,0.0818
41400.19,EtOH,0.1207,0.0819
43200.19,EtOH,0.1266,0.082
45000.19,EtOH,0.133,0.082
46800.19,EtOH,0.1399,0.0818
48600.19,EtOH,0.1482,0.0817
50400.19,EtOH,0.1584,0.0819
52200.19,EtOH,0.1695,0.0817
54000.19,EtOH,0.1825,0.0821
55800.19,EtOH,0.1958,0.0822
57600.19,EtOH,0.2088,0.082
59400.19,EtOH,0.2228,0.0822
61200.19,EtOH,0.2392,0.0822
63000.19,EtOH,0.2566,0.082
64800.19,EtOH,0.2757,0.0822
66600.19,EtOH,0.2936,0.0819
68400.19,EtOH,0.3116,0.0822
70200.19,EtOH,0.3294,0.0821
72000.19,EtOH,0.3457,0.0817
73800.19,EtOH,0.3612,0.0821
75600.19,EtOH,0.3753,0.0821
77400.19,EtOH,0.3877,0.0819
79200.19,EtOH,0.4005,0.082
81000.19,EtOH,0.4111,0.0818
82800.19,EtOH,0.4212,0.0813
84600.19,EtOH,0.4304,0.0823
86400.19,EtOH,0.4376,0.0822
88200.19,EtOH,0.4445,0.0821
90000.19,EtOH,0.452,0.0822
91800.19,EtOH,0.4576,0.0825
93600.19,EtOH,0.4631,0.082
95400.19,EtOH,0.4682,0.0819
97200.19,EtOH,0.4733,0.0822
99000.19,EtOH,0.4774,0.0819
100800.19,EtOH,0.4814,0.0819
102600.19,EtOH,0.485,0.082
104400.19,EtOH,0.489,0.0816
106200.19,EtOH,0.4925,0.0822
108000.19,EtOH,0.4999,0.0823
109800.19,EtOH,0.5278,0.0822
111600.19,EtOH,0.551,0.0819
113400.19,EtOH,0.5118,0.0821
115200.19,EtOH,0.4394,0.0821
117000.19,EtOH,0.3808,0.0818
118800.19,EtOH,0.3382,0.0822
120600.19,EtOH,0.2995,0.0817
122400.19,EtOH,0.2595,0.0821
124200.19,EtOH,0.2351,0.0822
126000.19,EtOH,0.2257,0.0821
127800.19,EtOH,0.2171,0.0821
129600.19,EtOH,0.2088,0.0824
131400.19,EtOH,0.204,0.0817
133200.19,EtOH,0.2025,0.0821
135000.19,EtOH,0.2013,0.0818
136800.19,EtOH,0.1995,0.0826
138600.19,EtOH,0.1973,0.0819
140400.19,EtOH,0.1962,0.0819
142200.19,EtOH,0.1947,0.0817
144000.19,EtOH,0.1946,0.082
145800.19,EtOH,0.1931,0.0821
147600.19,EtOH,0.1922,0.0821
149400.19,EtOH,0.1907,0.082
151200.19,EtOH,0.1893,0.0821
153000.19,EtOH,0.1885,0.0818
154800.19,EtOH,0.1871,0.0825
156600.19,EtOH,0.1858,0.0821
158400.19,EtOH,0.1842,0.0819
160200.19,EtOH,0.1829,0.0821
162000.19,EtOH,0.1819,0.0822
163800.19,EtOH,0.1814,0.0825
165600.19,EtOH,0.1797,0.0821
167400.19,EtOH,0.1787,0.082
169200.19,EtOH,0.1777,0.082
171000.19,EtOH,0.1768,0.0821
172800.19,EtOH,0.1755,0.0818
174600.19,EtOH,0.1748,0.0819
176400.19,EtOH,0.1737,0.082
178200.19,EtOH,0.1724,0.0821
180000.19,EtOH,0.1709,0.0816
181800.19,EtOH,0.1705,0.0818
183600.19,EtOH,0.169,0.0819
185400.19,EtOH,0.1684,0.082
187200.19,EtOH,0.1672,0.0821
189000.19,EtOH,0.1664,0.082
190800.19,EtOH,0.1649,0.0817
192600.19,EtOH,0.164,0.0822
194400.19,EtOH,0.1626,0.0818
196200.19,EtOH,0.1619,0.0822
198000.19,EtOH,0.1608,0.0818
199800.19,EtOH,0.16,0.0821
201600.19,EtOH,0.1593,0.0816
203400.19,EtOH,0.1582,0.0819
205200.19,EtOH,0.158,0.0824
207000.19,EtOH,0.1565,0.0821
208800.19,EtOH,0.156,0.0821
210600.19,EtOH,0.1552,0.0819
212400.19,EtOH,0.1543,0.0818
214200.19,EtOH,0.1537,0.0818
216000.19,EtOH,0.1533,0.0821
217800.19,EtOH,0.1521,0.0815
219600.19,EtOH,0.152,0.0814
221400.19,EtOH,0.1514,0.0822
223200.19,EtOH,0.1506,0.0818
225000.19,EtOH,0.15,0.082
226800.19,EtOH,0.1494,0.0817
228600.19,EtOH,0.1488,0.082
230400.19,EtOH,0.1485,0.0819
232200.19,EtOH,0.148,0.0817
234000.19,EtOH,0.1477,0.082
235800.19,EtOH,0.1471,0.0822
237600.19,EtOH,0.1468,0.0817
239400.19,EtOH,0.1466,0.0821
241200.19,EtOH,0.1464,0.082
243000.19,EtOH,0.1453,0.0816
244800.19,EtOH,0.1451,0.0814
246600.19,EtOH,0.1455,0.0823
0,EtOH,0.0879,0.0838
1800.19,EtOH,0.0871,0.0832
3600.19,EtOH,0.0873,0.0834
5400.19,EtOH,0.087,0.0832
7200.19,EtOH,0.0873,0.0832
9000.19,EtOH,0.0873,0.0832
10800.19,EtOH,0.0875,0.0831
12600.19,EtOH,0.0877,0.0834
14400.19,EtOH,0.0882,0.0836
16200.19,EtOH,0.0883,0.0834
18000.19,EtOH,0.0888,0.0837
19800.19,EtOH,0.0892,0.0832
21600.19,EtOH,0.0903,0.0834
23400.19,EtOH,0.0909,0.0833
25200.19,EtOH,0.0923,0.0833
27000.19,EtOH,0.0932,0.0833
28800.19,EtOH,0.0946,0.0835
30600.19,EtOH,0.0954,0.0831
32400.19,EtOH,0.0975,0.0835
34200.19,EtOH,0.099,0.0834
36000.19,EtOH,0.1014,0.0836
37800.19,EtOH,0.1035,0.0835
39600.19,EtOH,0.1061,0.0835
41400.19,EtOH,0.1086,0.0837
43200.19,EtOH,0.1119,0.0833
45000.19,EtOH,0.1156,0.0836
46800.19,EtOH,0.1203,0.0835
48600.19,EtOH,0.1244,0.0836
50400.19,EtOH,0.13,0.0837
52200.19,EtOH,0.1355,0.0833
54000.19,EtOH,0.143,0.0836
55800.19,EtOH,0.1508,0.0836
57600.19,EtOH,0.16,0.0836
59400.19,EtOH,0.1702,0.0839
61200.19,EtOH,0.1823,0.084
63000.19,EtOH,0.1942,0.0835
64800.19,EtOH,0.2065,0.0839
66600.19,EtOH,0.2173,0.0834
68400.19,EtOH,0.229,0.0838
70200.19,EtOH,0.24,0.0836
72000.19,EtOH,0.2503,0.0838
73800.19,EtOH,0.2612,0.0835
75600.19,EtOH,0.2723,0.0836
77400.19,EtOH,0.2827,0.0835
79200.19,EtOH,0.2922,0.0835
81000.19,EtOH,0.3002,0.0838
82800.19,EtOH,0.3073,0.0834
84600.19,EtOH,0.3149,0.084
86400.19,EtOH,0.3193,0.0835
88200.19,EtOH,0.3232,0.0837
90000.19,EtOH,0.3265,0.084
91800.19,EtOH,0.3299,0.0842
93600.19,EtOH,0.3321,0.0835
95400.19,EtOH,0.3347,0.0833
97200.19,EtOH,0.3384,0.0837
99000.19,EtOH,0.3403,0.0837
100800.19,EtOH,0.3435,0.0835
102600.19,EtOH,0.3452,0.0834
104400.19,EtOH,0.3464,0.0835
106200.19,EtOH,0.3491,0.0836
108000.19,EtOH,0.3523,0.0837
109800.19,EtOH,0.354,0.0837
111600.19,EtOH,0.354,0.0835
113400.19,EtOH,0.3551,0.0839
115200.19,EtOH,0.3558,0.0836
117000.19,EtOH,0.3559,0.0836
118800.19,EtOH,0.3568,0.0839
120600.19,EtOH,0.3559,0.0833
122400.19,EtOH,0.3567,0.0837
124200.19,EtOH,0.3574,0.0836
126000.19,EtOH,0.3581,0.0839
127800.19,EtOH,0.3595,0.0839
129600.19,EtOH,0.3602,0.0839
131400.19,EtOH,0.36,0.0835
133200.19,EtOH,0.3605,0.0839
135000.19,EtOH,0.3604,0.0837
136800.19,EtOH,0.3614,0.0837
138600.19,EtOH,0.3611,0.0835
140400.19,EtOH,0.3614,0.0835
142200.19,EtOH,0.3616,0.0833
144000.19,EtOH,0.3615,0.084
145800.19,EtOH,0.361,0.0837
147600.19,EtOH,0.3606,0.0835
149400.19,EtOH,0.3604,0.0839
151200.19,EtOH,0.3585,0.0836
153000.19,EtOH,0.358,0.0834
154800.19,EtOH,0.3574,0.0839
156600.19,EtOH,0.3557,0.0837
158400.19,EtOH,0.3539,0.0835
160200.19,EtOH,0.3526,0.0837
162000.19,EtOH,0.351,0.0836
163800.19,EtOH,0.3491,0.0835
165600.19,EtOH,0.3468,0.0835
167400.19,EtOH,0.345,0.0837
169200.19,EtOH,0.3423,0.0838
171000.19,EtOH,0.3402,0.0833
172800.19,EtOH,0.3382,0.0835
174600.19,EtOH,0.3356,0.0837
176400.19,EtOH,0.3332,0.0835
178200.19,EtOH,0.3313,0.0836
180000.19,EtOH,0.3286,0.0833
181800.19,EtOH,0.3267,0.0835
183600.19,EtOH,0.3245,0.0834
185400.19,EtOH,0.322,0.0838
187200.19,EtOH,0.3196,0.0838
189000.19,EtOH,0.3174,0.0836
190800.19,EtOH,0.3144,0.0833
192600.19,EtOH,0.3123,0.0836
194400.19,EtOH,0.3096,0.0836
196200.19,EtOH,0.3076,0.084
198000.19,EtOH,0.3051,0.0837
199800.19,EtOH,0.3027,0.0836
201600.19,EtOH,0.3001,0.0832
203400.19,EtOH,0.2979,0.0834
205200.19,EtOH,0.2961,0.0837
207000.19,EtOH,0.2936,0.0836
208800.19,EtOH,0.2917,0.0836
210600.19,EtOH,0.2904,0.0834
212400.19,EtOH,0.2884,0.0834
214200.19,EtOH,0.2865,0.0835
216000.19,EtOH,0.2853,0.0838
217800.19,EtOH,0.2829,0.0834
219600.19,EtOH,0.2816,0.0835
221400.19,EtOH,0.2801,0.084
223200.19,EtOH,0.2789,0.0838
225000.19,EtOH,0.2769,0.0835
226800.19,EtOH,0.2757,0.0837
228600.19,EtOH,0.2744,0.0839
230400.19,EtOH,0.2735,0.0837
232200.19,EtOH,0.2717,0.0831
234000.19,EtOH,0.2708,0.0833
235800.19,EtOH,0.2697,0.0835
237600.19,EtOH,0.2685,0.0837
239400.19,EtOH,0.2678,0.0838
241200.19,EtOH,0.2671,0.0838
243000.19,EtOH,0.2652,0.0833
244800.19,EtOH,0.2646,0.0833
246600.19,EtOH,0.2648,0.0843
0,ZEN,0.086,0.0845
1800.19,ZEN,0.0839,0.0838
3600.19,ZEN,0.084,0.084
5400.19,ZEN,0.0847,0.0841
7200.19,ZEN,0.0848,0.0843
9000.19,ZEN,0.0852,0.0843
10800.19,ZEN,0.085,0.0842
12600.19,ZEN,0.0851,0.0844
14400.19,ZEN,0.0855,0.0841
16200.19,ZEN,0.0858,0.0841
18000.19,ZEN,0.086,0.0843
19800.19,ZEN,0.0864,0.0842
21600.19,ZEN,0.087,0.0841
23400.19,ZEN,0.0878,0.0843
25200.19,ZEN,0.0892,0.0844
27000.19,ZEN,0.0906,0.0845
28800.19,ZEN,0.0928,0.0845
30600.19,ZEN,0.0944,0.0839
32400.19,ZEN,0.0969,0.0841
34200.19,ZEN,0.0988,0.0844
36000.19,ZEN,0.1012,0.0842
37800.19,ZEN,0.1043,0.0842
39600.19,ZEN,0.1072,0.0843
41400.19,ZEN,0.1105,0.0842
43200.19,ZEN,0.1144,0.0844
45000.19,ZEN,0.1189,0.0847
46800.19,ZEN,0.1235,0.084
48600.19,ZEN,0.1303,0.0845
50400.19,ZEN,0.1368,0.0846
52200.19,ZEN,0.1455,0.0841
54000.19,ZEN,0.1558,0.0844
55800.19,ZEN,0.1663,0.0845
57600.19,ZEN,0.1791,0.0845
59400.19,ZEN,0.1946,0.0848
61200.19,ZEN,0.2108,0.0849
63000.19,ZEN,0.2283,0.0846
64800.19,ZEN,0.2461,0.0841
66600.19,ZEN,0.2632,0.0843
68400.19,ZEN,0.2793,0.0845
70200.19,ZEN,0.2944,0.0845
72000.19,ZEN,0.3093,0.0844
73800.19,ZEN,0.3238,0.0844
75600.19,ZEN,0.3373,0.0843
77400.19,ZEN,0.3492,0.0844
79200.19,ZEN,0.36,0.0847
81000.19,ZEN,0.3707,0.0845
82800.19,ZEN,0.3799,0.0841
84600.19,ZEN,0.3894,0.0848
86400.19,ZEN,0.3974,0.0844
88200.19,ZEN,0.4047,0.0845
90000.19,ZEN,0.4108,0.0845
91800.19,ZEN,0.4164,0.0848
93600.19,ZEN,0.4211,0.0843
95400.19,ZEN,0.4257,0.0842
97200.19,ZEN,0.4294,0.0845
99000.19,ZEN,0.4328,0.0847
100800.19,ZEN,0.4359,0.0843
102600.19,ZEN,0.4385,0.0841
104400.19,ZEN,0.4412,0.0843
106200.19,ZEN,0.4443,0.0846
108000.19,ZEN,0.4476,0.0847
109800.19,ZEN,0.4501,0.0845
111600.19,ZEN,0.4544,0.0844
113400.19,ZEN,0.4584,0.0846
115200.19,ZEN,0.4278,0.0846
117000.19,ZEN,0.3527,0.0844
118800.19,ZEN,0.3407,0.0848
120600.19,ZEN,0.2889,0.0844
122400.19,ZEN,0.2421,0.0845
124200.19,ZEN,0.2182,0.0845
126000.19,ZEN,0.2115,0.0847
127800.19,ZEN,0.2063,0.0846
129600.19,ZEN,0.2018,0.0848
131400.19,ZEN,0.1999,0.0844
133200.19,ZEN,0.1989,0.0847
135000.19,ZEN,0.2016,0.0847
136800.19,ZEN,0.2069,0.0847
138600.19,ZEN,0.1947,0.0844
140400.19,ZEN,0.1898,0.0843
142200.19,ZEN,0.1886,0.084
144000.19,ZEN,0.1879,0.0842
145800.19,ZEN,0.1874,0.0844
147600.19,ZEN,0.1857,0.0848
149400.19,ZEN,0.1849,0.0846
151200.19,ZEN,0.1832,0.0843
153000.19,ZEN,0.1819,0.0842
154800.19,ZEN,0.1811,0.0848
156600.19,ZEN,0.1799,0.0846
158400.19,ZEN,0.178,0.0844
160200.19,ZEN,0.1773,0.0845
162000.19,ZEN,0.1761,0.0844
163800.19,ZEN,0.1752,0.0848
165600.19,ZEN,0.174,0.0842
167400.19,ZEN,0.1732,0.0847
169200.19,ZEN,0.1729,0.0846
171000.19,ZEN,0.172,0.0842
172800.19,ZEN,0.172,0.0845
174600.19,ZEN,0.171,0.0842
176400.19,ZEN,0.17,0.0844
178200.19,ZEN,0.1692,0.0844
180000.19,ZEN,0.168,0.0843
181800.19,ZEN,0.1673,0.0846
183600.19,ZEN,0.1661,0.0844
185400.19,ZEN,0.1657,0.0845
187200.19,ZEN,0.1647,0.0846
189000.19,ZEN,0.1639,0.0844
190800.19,ZEN,0.1626,0.0843
192600.19,ZEN,0.1616,0.0843
194400.19,ZEN,0.1603,0.0845
196200.19,ZEN,0.1601,0.0846
198000.19,ZEN,0.1589,0.0847
199800.19,ZEN,0.1581,0.0843
201600.19,ZEN,0.1572,0.0844
203400.19,ZEN,0.1564,0.0842
205200.19,ZEN,0.1559,0.0848
207000.19,ZEN,0.155,0.0842
208800.19,ZEN,0.1545,0.0845
210600.19,ZEN,0.1535,0.0844
212400.19,ZEN,0.1529,0.0842
214200.19,ZEN,0.1521,0.0844
216000.19,ZEN,0.1517,0.0844
217800.19,ZEN,0.1507,0.0841
219600.19,ZEN,0.1503,0.0844
221400.19,ZEN,0.1503,0.0847
223200.19,ZEN,0.1497,0.0847
225000.19,ZEN,0.1487,0.0843
226800.19,ZEN,0.1486,0.0843
228600.19,ZEN,0.148,0.0846
230400.19,ZEN,0.1477,0.0845
232200.19,ZEN,0.1469,0.084
234000.19,ZEN,0.1469,0.0845
235800.19,ZEN,0.1466,0.0844
237600.19,ZEN,0.1463,0.0845
239400.19,ZEN,0.146,0.0847
241200.19,ZEN,0.1459,0.0846
243000.19,ZEN,0.1448,0.084
244800.19,ZEN,0.1448,0.0843
246600.19,ZEN,0.1452,0.0847
0,ZEN,0.0837,0.0828
1800.19,ZEN,0.0834,0.0835
3600.19,ZEN,0.0835,0.0841
5400.19,ZEN,0.0835,0.0832
7200.19,ZEN,0.0835,0.0835
9000.19,ZEN,0.0837,0.0833
10800.19,ZEN,0.0837,0.0834
12600.19,ZEN,0.0842,0.0834
14400.19,ZEN,0.0843,0.0835
16200.19,ZEN,0.0847,0.0834
18000.19,ZEN,0.0854,0.0833
19800.19,ZEN,0.0857,0.0835
21600.19,ZEN,0.0867,0.0839
23400.19,ZEN,0.0878,0.0835
25200.19,ZEN,0.089,0.0834
27000.19,ZEN,0.0911,0.0838
28800.19,ZEN,0.0933,0.0836
30600.19,ZEN,0.0963,0.0832
32400.19,ZEN,0.1007,0.0836
34200.19,ZEN,0.105,0.0838
36000.19,ZEN,0.1094,0.0835
37800.19,ZEN,0.1142,0.0833
39600.19,ZEN,0.1194,0.0833
41400.19,ZEN,0.1255,0.0837
43200.19,ZEN,0.1323,0.0836
45000.19,ZEN,0.1403,0.0836
46800.19,ZEN,0.1487,0.0835
48600.19,ZEN,0.159,0.0835
50400.19,ZEN,0.1729,0.0838
52200.19,ZEN,0.1876,0.0836
54000.19,ZEN,0.2056,0.0838
55800.19,ZEN,0.2247,0.0839
57600.19,ZEN,0.2458,0.0838
59400.19,ZEN,0.2691,0.084
61200.19,ZEN,0.2935,0.0843
63000.19,ZEN,0.3191,0.0839
64800.19,ZEN,0.3447,0.0838
66600.19,ZEN,0.3688,0.0835
68400.19,ZEN,0.3931,0.0836
70200.19,ZEN,0.4168,0.0836
72000.19,ZEN,0.4393,0.0838
73800.19,ZEN,0.4599,0.0838
75600.19,ZEN,0.4792,0.0836
77400.19,ZEN,0.4969,0.0833
79200.19,ZEN,0.5134,0.0835
81000.19,ZEN,0.528,0.0837
82800.19,ZEN,0.5417,0.0834
84600.19,ZEN,0.5543,0.0841
86400.19,ZEN,0.5648,0.0841
88200.19,ZEN,0.575,0.0837
90000.19,ZEN,0.5842,0.0837
91800.19,ZEN,0.5928,0.0841
93600.19,ZEN,0.5999,0.0836
95400.19,ZEN,0.6071,0.0836
97200.19,ZEN,0.6135,0.084
99000.19,ZEN,0.6195,0.0839
100800.19,ZEN,0.6252,0.0838
102600.19,ZEN,0.6305,0.0837
104400.19,ZEN,0.6347,0.0835
106200.19,ZEN,0.6392,0.0837
108000.19,ZEN,0.6437,0.0837
109800.19,ZEN,0.6478,0.0836
111600.19,ZEN,0.6526,0.0836
113400.19,ZEN,0.6572,0.0839
115200.19,ZEN,0.6618,0.084
117000.19,ZEN,0.6654,0.0837
118800.19,ZEN,0.6691,0.0842
120600.19,ZEN,0.6716,0.0836
122400.19,ZEN,0.676,0.0838
124200.19,ZEN,0.6868,0.0838
126000.19,ZEN,0.7075,0.0838
127800.19,ZEN,0.7226,0.084
129600.19,ZEN,0.7233,0.0839
131400.19,ZEN,0.7146,0.0835
133200.19,ZEN,0.6969,0.0842
135000.19,ZEN,0.6773,0.0838
136800.19,ZEN,0.6556,0.0838
138600.19,ZEN,0.631,0.0834
140400.19,ZEN,0.6097,0.0835
142200.19,ZEN,0.5942,0.0834
144000.19,ZEN,0.5813,0.0839
145800.19,ZEN,0.57,0.0837
147600.19,ZEN,0.5591,0.0839
149400.19,ZEN,0.5502,0.084
151200.19,ZEN,0.5428,0.0836
153000.19,ZEN,0.5372,0.0836
154800.19,ZEN,0.5332,0.0839
156600.19,ZEN,0.5277,0.0838
158400.19,ZEN,0.5229,0.0833
160200.19,ZEN,0.5187,0.0837
162000.19,ZEN,0.5142,0.0836
163800.19,ZEN,0.5106,0.0838
165600.19,ZEN,0.5073,0.0835
167400.19,ZEN,0.5039,0.0837
169200.19,ZEN,0.5,0.0835
171000.19,ZEN,0.4966,0.0837
172800.19,ZEN,0.4931,0.0835
174600.19,ZEN,0.4893,0.0834
176400.19,ZEN,0.486,0.0836
178200.19,ZEN,0.4819,0.0836
180000.19,ZEN,0.4783,0.0835
181800.19,ZEN,0.4752,0.0833
183600.19,ZEN,0.4714,0.0838
185400.19,ZEN,0.4691,0.084
187200.19,ZEN,0.4654,0.0838
189000.19,ZEN,0.4622,0.0838
190800.19,ZEN,0.4588,0.0837
192600.19,ZEN,0.4558,0.0837
194400.19,ZEN,0.4525,0.0839
196200.19,ZEN,0.4501,0.0839
198000.19,ZEN,0.4473,0.0839
199800.19,ZEN,0.4444,0.0832
201600.19,ZEN,0.4416,0.0835
203400.19,ZEN,0.439,0.0836
205200.19,ZEN,0.437,0.0837
207000.19,ZEN,0.4348,0.0839
208800.19,ZEN,0.4322,0.0837
210600.19,ZEN,0.4304,0.0836
212400.19,ZEN,0.4283,0.0836
214200.19,ZEN,0.4263,0.0839
216000.19,ZEN,0.4248,0.0839
217800.19,ZEN,0.4226,0.0832
219600.19,ZEN,0.4213,0.0835
221400.19,ZEN,0.4202,0.0839
223200.19,ZEN,0.4184,0.0837
225000.19,ZEN,0.4169,0.0836
226800.19,ZEN,0.4153,0.0836
228600.19,ZEN,0.4141,0.0835
230400.19,ZEN,0.4131,0.0835
232200.19,ZEN,0.4116,0.083
234000.19,ZEN,0.4106,0.0838
235800.19,ZEN,0.4097,0.0838
237600.19,ZEN,0.4087,0.0836
239400.19,ZEN,0.4076,0.0839
241200.19,ZEN,0.4069,0.0839
243000.19,ZEN,0.4056,0.0835
244800.19,ZEN,0.4048,0.0837
246600.19,ZEN,0.4044,0.0842
0,ZEN,0.086,0.0845
1800.19,ZEN,0.0865,0.0838
3600.19,ZEN,0.0871,0.084
5400.19,ZEN,0.0868,0.0841
7200.19,ZEN,0.0867,0.0843
9000.19,ZEN,0.0867,0.0843
10800.19,ZEN,0.0867,0.0842
12600.19,ZEN,0.087,0.0844
14400.19,ZEN,0.0872,0.0841
16200.19,ZEN,0.0876,0.0841
18000.19,ZEN,0.088,0.0843
19800.19,ZEN,0.0881,0.0842
21600.19,ZEN,0.0899,0.0841
23400.19,ZEN,0.0909,0.0843
25200.19,ZEN,0.0913,0.0844
27000.19,ZEN,0.0929,0.0845
28800.19,ZEN,0.0956,0.0845
30600.19,ZEN,0.0975,0.0839
32400.19,ZEN,0.1014,0.0841
34200.19,ZEN,0.1055,0.0844
36000.19,ZEN,0.1113,0.0842
37800.19,ZEN,0.119,0.0842
39600.19,ZEN,0.1251,0.0843
41400.19,ZEN,0.1321,0.0842
43200.19,ZEN,0.1412,0.0844
45000.19,ZEN,0.1517,0.0847
46800.19,ZEN,0.1639,0.084
48600.19,ZEN,0.1773,0.0845
50400.19,ZEN,0.191,0.0846
52200.19,ZEN,0.2063,0.0841
54000.19,ZEN,0.2252,0.0844
55800.19,ZEN,0.2461,0.0845
57600.19,ZEN,0.2701,0.0845
59400.19,ZEN,0.2972,0.0848
61200.19,ZEN,0.3259,0.0849
63000.19,ZEN,0.3549,0.0846
64800.19,ZEN,0.3841,0.0841
66600.19,ZEN,0.4123,0.0843
68400.19,ZEN,0.4385,0.0845
70200.19,ZEN,0.4653,0.0845
72000.19,ZEN,0.4895,0.0844
73800.19,ZEN,0.5122,0.0844
75600.19,ZEN,0.5324,0.0843
77400.19,ZEN,0.5511,0.0844
79200.19,ZEN,0.5695,0.0847
81000.19,ZEN,0.5841,0.0845
82800.19,ZEN,0.5982,0.0841
84600.19,ZEN,0.6124,0.0848
86400.19,ZEN,0.6251,0.0844
88200.19,ZEN,0.6343,0.0845
90000.19,ZEN,0.6446,0.0845
91800.19,ZEN,0.6546,0.0848
93600.19,ZEN,0.6624,0.0843
95400.19,ZEN,0.67,0.0842
97200.19,ZEN,0.6759,0.0845
99000.19,ZEN,0.6828,0.0847
100800.19,ZEN,0.6886,0.0843
102600.19,ZEN,0.6935,0.0841
104400.19,ZEN,0.6981,0.0843
106200.19,ZEN,0.7027,0.0846
108000.19,ZEN,0.7085,0.0847
109800.19,ZEN,0.7137,0.0845
111600.19,ZEN,0.7235,0.0844
113400.19,ZEN,0.7572,0.0846
115200.19,ZEN,0.8104,0.0846
117000.19,ZEN,0.7602,0.0844
118800.19,ZEN,0.5535,0.0848
120600.19,ZEN,0.3694,0.0844
122400.19,ZEN,0.2834,0.0845
124200.19,ZEN,0.2296,0.0845
126000.19,ZEN,0.2025,0.0847
127800.19,ZEN,0.188,0.0846
129600.19,ZEN,0.1768,0.0848
131400.19,ZEN,0.1651,0.0844
133200.19,ZEN,0.1606,0.0847
135000.19,ZEN,0.1581,0.0847
136800.19,ZEN,0.1564,0.0847
138600.19,ZEN,0.1545,0.0844
140400.19,ZEN,0.1532,0.0843
142200.19,ZEN,0.1518,0.084
144000.19,ZEN,0.1504,0.0842
145800.19,ZEN,0.1497,0.0844
147600.19,ZEN,0.1491,0.0848
149400.19,ZEN,0.1488,0.0846
151200.19,ZEN,0.1488,0.0843
153000.19,ZEN,0.1485,0.0842
154800.19,ZEN,0.1484,0.0848
156600.19,ZEN,0.1479,0.0846
158400.19,ZEN,0.1481,0.0844
160200.19,ZEN,0.1488,0.0845
162000.19,ZEN,0.1488,0.0844
163800.19,ZEN,0.1484,0.0848
165600.19,ZEN,0.1482,0.0842
167400.19,ZEN,0.1491,0.0847
169200.19,ZEN,0.1483,0.0846
171000.19,ZEN,0.1474,0.0842
172800.19,ZEN,0.1467,0.0845
174600.19,ZEN,0.1452,0.0842
176400.19,ZEN,0.1444,0.0844
178200.19,ZEN,0.1439,0.0844
180000.19,ZEN,0.1431,0.0843
181800.19,ZEN,0.1429,0.0846
183600.19,ZEN,0.142,0.0844
185400.19,ZEN,0.1416,0.0845
187200.19,ZEN,0.141,0.0846
189000.19,ZEN,0.1397,0.0844
190800.19,ZEN,0.1387,0.0843
192600.19,ZEN,0.1387,0.0843
194400.19,ZEN,0.1375,0.0845
196200.19,ZEN,0.1368,0.0846
198000.19,ZEN,0.1361,0.0847
199800.19,ZEN,0.1354,0.0843
201600.19,ZEN,0.135,0.0844
203400.19,ZEN,0.1344,0.0842
205200.19,ZEN,0.1337,0.0848
207000.19,ZEN,0.1326,0.0842
208800.19,ZEN,0.1322,0.0845
210600.19,ZEN,0.1317,0.0844
212400.19,ZEN,0.1309,0.0842
214200.19,ZEN,0.1305,0.0844
216000.19,ZEN,0.1303,0.0844
217800.19,ZEN,0.1293,0.0841
219600.19,ZEN,0.1308,0.0844
221400.19,ZEN,0.131,0.0847
223200.19,ZEN,0.1307,0.0847
225000.19,ZEN,0.1302,0.0843
226800.19,ZEN,0.1298,0.0843
228600.19,ZEN,0.1303,0.0846
230400.19,ZEN,0.1291,0.0845
232200.19,ZEN,0.1286,0.084
234000.19,ZEN,0.129,0.0845
235800.19,ZEN,0.1289,0.0844
237600.19,ZEN,0.1294,0.0845
239400.19,ZEN,0.1347,0.0847
241200.19,ZEN,0.1318,0.0846
243000.19,ZEN,0.133,0.084
244800.19,ZEN,0.1322,0.0843
246600.19,ZEN,0.1323,0.0847
0,ZEN,0.0828,0.0828
1800.19,ZEN,0.0823,0.0835
3600.19,ZEN,0.0829,0.0841
5400.19,ZEN,0.0824,0.0832
7200.19,ZEN,0.0824,0.0835
9000.19,ZEN,0.0824,0.0833
10800.19,ZEN,0.0825,0.0834
12600.19,ZEN,0.0833,0.0834
14400.19,ZEN,0.0838,0.0835
16200.19,ZEN,0.0833,0.0834
18000.19,ZEN,0.084,0.0833
19800.19,ZEN,0.0844,0.0835
21600.19,ZEN,0.0853,0.0839
23400.19,ZEN,0.0864,0.0835
25200.19,ZEN,0.0873,0.0834
27000.19,ZEN,0.0889,0.0838
28800.19,ZEN,0.0914,0.0836
30600.19,ZEN,0.0943,0.0832
32400.19,ZEN,0.098,0.0836
34200.19,ZEN,0.1028,0.0838
36000.19,ZEN,0.1083,0.0835
37800.19,ZEN,0.1145,0.0833
39600.19,ZEN,0.1213,0.0833
41400.19,ZEN,0.1284,0.0837
43200.19,ZEN,0.1361,0.0836
45000.19,ZEN,0.1458,0.0836
46800.19,ZEN,0.1566,0.0835
48600.19,ZEN,0.1695,0.0835
50400.19,ZEN,0.1835,0.0838
52200.19,ZEN,0.199,0.0836
54000.19,ZEN,0.2172,0.0838
55800.19,ZEN,0.2374,0.0839
57600.19,ZEN,0.2601,0.0838
59400.19,ZEN,0.2847,0.084
61200.19,ZEN,0.3112,0.0843
63000.19,ZEN,0.3381,0.0839
64800.19,ZEN,0.3657,0.0838
66600.19,ZEN,0.3921,0.0835
68400.19,ZEN,0.4177,0.0836
70200.19,ZEN,0.4423,0.0836
72000.19,ZEN,0.4667,0.0838
73800.19,ZEN,0.4883,0.0838
75600.19,ZEN,0.5089,0.0836
77400.19,ZEN,0.5274,0.0833
79200.19,ZEN,0.5447,0.0835
81000.19,ZEN,0.5591,0.0837
82800.19,ZEN,0.5725,0.0834
84600.19,ZEN,0.5855,0.0841
86400.19,ZEN,0.5974,0.0841
88200.19,ZEN,0.6068,0.0837
90000.19,ZEN,0.6165,0.0837
91800.19,ZEN,0.6256,0.0841
93600.19,ZEN,0.6335,0.0836
95400.19,ZEN,0.6404,0.0836
97200.19,ZEN,0.6469,0.084
99000.19,ZEN,0.6534,0.0839
100800.19,ZEN,0.6591,0.0838
102600.19,ZEN,0.6644,0.0837
104400.19,ZEN,0.6691,0.0835
106200.19,ZEN,0.6743,0.0837
108000.19,ZEN,0.6795,0.0837
109800.19,ZEN,0.6841,0.0836
111600.19,ZEN,0.6888,0.0836
113400.19,ZEN,0.6936,0.0839
115200.19,ZEN,0.6979,0.084
117000.19,ZEN,0.7011,0.0837
118800.19,ZEN,0.7041,0.0842
120600.19,ZEN,0.7061,0.0836
122400.19,ZEN,0.7083,0.0838
124200.19,ZEN,0.7085,0.0838
126000.19,ZEN,0.7097,0.0838
127800.19,ZEN,0.7095,0.084
129600.19,ZEN,0.7092,0.0839
131400.19,ZEN,0.7084,0.0835
133200.19,ZEN,0.7082,0.0842
135000.19,ZEN,0.7058,0.0838
136800.19,ZEN,0.7047,0.0838
138600.19,ZEN,0.703,0.0834
140400.19,ZEN,0.701,0.0835
142200.19,ZEN,0.6984,0.0834
144000.19,ZEN,0.6959,0.0839
145800.19,ZEN,0.6936,0.0837
147600.19,ZEN,0.6904,0.0839
149400.19,ZEN,0.687,0.084
151200.19,ZEN,0.6838,0.0836
153000.19,ZEN,0.6805,0.0836
154800.19,ZEN,0.6776,0.0839
156600.19,ZEN,0.6733,0.0838
158400.19,ZEN,0.6691,0.0833
160200.19,ZEN,0.665,0.0837
162000.19,ZEN,0.6611,0.0836
163800.19,ZEN,0.657,0.0838
165600.19,ZEN,0.6522,0.0835
167400.19,ZEN,0.6472,0.0837
169200.19,ZEN,0.6426,0.0835
171000.19,ZEN,0.638,0.0837
172800.19,ZEN,0.6331,0.0835
174600.19,ZEN,0.6282,0.0834
176400.19,ZEN,0.6226,0.0836
178200.19,ZEN,0.6182,0.0836
180000.19,ZEN,0.6127,0.0835
181800.19,ZEN,0.6082,0.0833
183600.19,ZEN,0.6034,0.0838
185400.19,ZEN,0.5991,0.084
187200.19,ZEN,0.5941,0.0838
189000.19,ZEN,0.5893,0.0838
190800.19,ZEN,0.5847,0.0837
192600.19,ZEN,0.5805,0.0837
194400.19,ZEN,0.576,0.0839
196200.19,ZEN,0.5724,0.0839
198000.19,ZEN,0.5678,0.0839
199800.19,ZEN,0.5638,0.0832
201600.19,ZEN,0.5605,0.0835
203400.19,ZEN,0.557,0.0836
205200.19,ZEN,0.5539,0.0837
207000.19,ZEN,0.5508,0.0839
208800.19,ZEN,0.5479,0.0837
210600.19,ZEN,0.5448,0.0836
212400.19,ZEN,0.5423,0.0836
214200.19,ZEN,0.5396,0.0839
216000.19,ZEN,0.5379,0.0839
217800.19,ZEN,0.5351,0.0832
219600.19,ZEN,0.5334,0.0835
221400.19,ZEN,0.5316,0.0839
223200.19,ZEN,0.5294,0.0837
225000.19,ZEN,0.5274,0.0836
226800.19,ZEN,0.5254,0.0836
228600.19,ZEN,0.524,0.0835
230400.19,ZEN,0.5224,0.0835
232200.19,ZEN,0.5207,0.083
234000.19,ZEN,0.5193,0.0838
235800.19,ZEN,0.518,0.0838
237600.19,ZEN,0.5172,0.0836
239400.19,ZEN,0.5156,0.0839
241200.19,ZEN,0.5148,0.0839
243000.19,ZEN,0.5133,0.0835
244800.19,ZEN,0.5119,0.0837
246600.19,ZEN,0.5113,0.0842
0,ZEN,0.0851,0.0845
1800.19,ZEN,0.0839,0.0838
3600.19,ZEN,0.0847,0.084
5400.19,ZEN,0.0848,0.0841
7200.19,ZEN,0.0846,0.0843
9000.19,ZEN,0.085,0.0843
10800.19,ZEN,0.0851,0.0842
12600.19,ZEN,0.0851,0.0844
14400.19,ZEN,0.0854,0.0841
16200.19,ZEN,0.0852,0.0841
18000.19,ZEN,0.0862,0.0843
19800.19,ZEN,0.0865,0.0842
21600.19,ZEN,0.0873,0.0841
23400.19,ZEN,0.0882,0.0843
25200.19,ZEN,0.0897,0.0844
27000.19,ZEN,0.0917,0.0845
28800.19,ZEN,0.0944,0.0845
30600.19,ZEN,0.0971,0.0839
32400.19,ZEN,0.1015,0.0841
34200.19,ZEN,0.1061,0.0844
36000.19,ZEN,0.1109,0.0842
37800.19,ZEN,0.1165,0.0842
39600.19,ZEN,0.1224,0.0843
41400.19,ZEN,0.1289,0.0842
43200.19,ZEN,0.1371,0.0844
45000.19,ZEN,0.1453,0.0847
46800.19,ZEN,0.153,0.084
48600.19,ZEN,0.1629,0.0845
50400.19,ZEN,0.1755,0.0846
52200.19,ZEN,0.1909,0.0841
54000.19,ZEN,0.2078,0.0844
55800.19,ZEN,0.2272,0.0845
57600.19,ZEN,0.2479,0.0845
59400.19,ZEN,0.2711,0.0848
61200.19,ZEN,0.2962,0.0849
63000.19,ZEN,0.3218,0.0846
64800.19,ZEN,0.3485,0.0841
66600.19,ZEN,0.3732,0.0843
68400.19,ZEN,0.3974,0.0845
70200.19,ZEN,0.421,0.0845
72000.19,ZEN,0.4429,0.0844
73800.19,ZEN,0.464,0.0844
75600.19,ZEN,0.4829,0.0843
77400.19,ZEN,0.5008,0.0844
79200.19,ZEN,0.5168,0.0847
81000.19,ZEN,0.532,0.0845
82800.19,ZEN,0.5456,0.0841
84600.19,ZEN,0.5588,0.0848
86400.19,ZEN,0.5697,0.0844
88200.19,ZEN,0.5796,0.0845
90000.19,ZEN,0.5893,0.0845
91800.19,ZEN,0.598,0.0848
93600.19,ZEN,0.605,0.0843
95400.19,ZEN,0.6118,0.0842
97200.19,ZEN,0.6186,0.0845
99000.19,ZEN,0.6244,0.0847
100800.19,ZEN,0.6304,0.0843
102600.19,ZEN,0.6432,0.0841
104400.19,ZEN,0.6756,0.0843
106200.19,ZEN,0.6994,0.0846
108000.19,ZEN,0.6079,0.0847
109800.19,ZEN,0.4371,0.0845
111600.19,ZEN,0.2715,0.0844
113400.19,ZEN,0.2119,0.0846
115200.19,ZEN,0.1955,0.0846
117000.19,ZEN,0.1883,0.0844
118800.19,ZEN,0.1844,0.0848
120600.19,ZEN,0.1779,0.0844
122400.19,ZEN,0.1749,0.0845
124200.19,ZEN,0.1725,0.0845
126000.19,ZEN,0.1703,0.0847
127800.19,ZEN,0.168,0.0846
129600.19,ZEN,0.1668,0.0848
131400.19,ZEN,0.1643,0.0844
133200.19,ZEN,0.1644,0.0847
135000.19,ZEN,0.1625,0.0847
136800.19,ZEN,0.1606,0.0847
138600.19,ZEN,0.1592,0.0844
140400.19,ZEN,0.1585,0.0843
142200.19,ZEN,0.1574,0.084
144000.19,ZEN,0.1573,0.0842
145800.19,ZEN,0.1565,0.0844
147600.19,ZEN,0.1559,0.0848
149400.19,ZEN,0.1554,0.0846
151200.19,ZEN,0.1545,0.0843
153000.19,ZEN,0.1539,0.0842
154800.19,ZEN,0.154,0.0848
156600.19,ZEN,0.1531,0.0846
158400.19,ZEN,0.1532,0.0844
160200.19,ZEN,0.1529,0.0845
162000.19,ZEN,0.1525,0.0844
163800.19,ZEN,0.152,0.0848
165600.19,ZEN,0.1507,0.0842
167400.19,ZEN,0.1499,0.0847
169200.19,ZEN,0.1493,0.0846
171000.19,ZEN,0.1486,0.0842
172800.19,ZEN,0.1478,0.0845
174600.19,ZEN,0.1466,0.0842
176400.19,ZEN,0.1462,0.0844
178200.19,ZEN,0.1455,0.0844
180000.19,ZEN,0.1443,0.0843
181800.19,ZEN,0.1437,0.0846
183600.19,ZEN,0.1427,0.0844
185400.19,ZEN,0.1422,0.0845
187200.19,ZEN,0.1413,0.0846
189000.19,ZEN,0.1405,0.0844
190800.19,ZEN,0.1397,0.0843
192600.19,ZEN,0.1389,0.0843
194400.19,ZEN,0.1381,0.0845
196200.19,ZEN,0.1376,0.0846
198000.19,ZEN,0.1368,0.0847
199800.19,ZEN,0.1363,0.0843
201600.19,ZEN,0.1355,0.0844
203400.19,ZEN,0.1349,0.0842
205200.19,ZEN,0.1349,0.0848
207000.19,ZEN,0.1339,0.0842
208800.19,ZEN,0.1336,0.0845
210600.19,ZEN,0.1328,0.0844
212400.19,ZEN,0.1323,0.0842
214200.19,ZEN,0.1321,0.0844
216000.19,ZEN,0.1321,0.0844
217800.19,ZEN,0.1309,0.0841
219600.19,ZEN,0.1309,0.0844
221400.19,ZEN,0.1309,0.0847
223200.19,ZEN,0.1304,0.0847
225000.19,ZEN,0.1298,0.0843
226800.19,ZEN,0.1298,0.0843
228600.19,ZEN,0.1296,0.0846
230400.19,ZEN,0.1293,0.0845
232200.19,ZEN,0.1288,0.084
234000.19,ZEN,0.1289,0.0845
235800.19,ZEN,0.1286,0.0844
237600.19,ZEN,0.1287,0.0845
239400.19,ZEN,0.1288,0.0847
241200.19,ZEN,0.1284,0.0846
243000.19,ZEN,0.1281,0.084
244800.19,ZEN,0.1278,0.0843
246600.19,ZEN,0.1284,0.0847
0,ZEN,0.0842,0.0828
1800.19,ZEN,0.0828,0.0835
3600.19,ZEN,0.0838,0.0841
5400.19,ZEN,0.0839,0.0832
7200.19,ZEN,0.0837,0.0835
9000.19,ZEN,0.0838,0.0833
10800.19,ZEN,0.0839,0.0834
12600.19,ZEN,0.0842,0.0834
14400.19,ZEN,0.0846,0.0835
16200.19,ZEN,0.0849,0.0834
18000.19,ZEN,0.0853,0.0833
19800.19,ZEN,0.0855,0.0835
21600.19,ZEN,0.0864,0.0839
23400.19,ZEN,0.0874,0.0835
25200.19,ZEN,0.0882,0.0834
27000.19,ZEN,0.0903,0.0838
28800.19,ZEN,0.0925,0.0836
30600.19,ZEN,0.0949,0.0832
32400.19,ZEN,0.0989,0.0836
34200.19,ZEN,0.1035,0.0838
36000.19,ZEN,0.1088,0.0835
37800.19,ZEN,0.1151,0.0833
39600.19,ZEN,0.1219,0.0833
41400.19,ZEN,0.1297,0.0837
43200.19,ZEN,0.1368,0.0836
45000.19,ZEN,0.1461,0.0836
46800.19,ZEN,0.1557,0.0835
48600.19,ZEN,0.1667,0.0835
50400.19,ZEN,0.1798,0.0838
52200.19,ZEN,0.1949,0.0836
54000.19,ZEN,0.2129,0.0838
55800.19,ZEN,0.2331,0.0839
57600.19,ZEN,0.256,0.0838
59400.19,ZEN,0.2821,0.084
61200.19,ZEN,0.31,0.0843
63000.19,ZEN,0.3366,0.0839
64800.19,ZEN,0.3642,0.0838
66600.19,ZEN,0.3901,0.0835
68400.19,ZEN,0.4164,0.0836
70200.19,ZEN,0.4407,0.0836
72000.19,ZEN,0.4642,0.0838
73800.19,ZEN,0.4857,0.0838
75600.19,ZEN,0.5063,0.0836
77400.19,ZEN,0.5245,0.0833
79200.19,ZEN,0.5408,0.0835
81000.19,ZEN,0.5559,0.0837
82800.19,ZEN,0.5694,0.0834
84600.19,ZEN,0.5832,0.0841
86400.19,ZEN,0.5936,0.0841
88200.19,ZEN,0.6038,0.0837
90000.19,ZEN,0.6137,0.0837
91800.19,ZEN,0.6224,0.0841
93600.19,ZEN,0.6296,0.0836
95400.19,ZEN,0.6368,0.0836
97200.19,ZEN,0.6441,0.084
99000.19,ZEN,0.6501,0.0839
100800.19,ZEN,0.6556,0.0838
102600.19,ZEN,0.6605,0.0837
104400.19,ZEN,0.6657,0.0835
106200.19,ZEN,0.671,0.0837
108000.19,ZEN,0.6982,0.0837
109800.19,ZEN,0.7066,0.0836
111600.19,ZEN,0.6078,0.0836
113400.19,ZEN,0.3791,0.0839
115200.19,ZEN,0.229,0.084
117000.19,ZEN,0.1815,0.0837
118800.19,ZEN,0.1704,0.0842
120600.19,ZEN,0.1624,0.0836
122400.19,ZEN,0.1586,0.0838
124200.19,ZEN,0.155,0.0838
126000.19,ZEN,0.1522,0.0838
127800.19,ZEN,0.1508,0.084
129600.19,ZEN,0.1485,0.0839
131400.19,ZEN,0.1476,0.0835
133200.19,ZEN,0.1463,0.0842
135000.19,ZEN,0.1455,0.0838
136800.19,ZEN,0.145,0.0838
138600.19,ZEN,0.1446,0.0834
140400.19,ZEN,0.1443,0.0835
142200.19,ZEN,0.1437,0.0834
144000.19,ZEN,0.1435,0.0839
145800.19,ZEN,0.1428,0.0837
147600.19,ZEN,0.1424,0.0839
149400.19,ZEN,0.1425,0.084
151200.19,ZEN,0.1414,0.0836
153000.19,ZEN,0.1415,0.0836
154800.19,ZEN,0.1415,0.0839
156600.19,ZEN,0.1405,0.0838
158400.19,ZEN,0.1402,0.0833
160200.19,ZEN,0.1398,0.0837
162000.19,ZEN,0.1394,0.0836
163800.19,ZEN,0.1388,0.0838
165600.19,ZEN,0.1388,0.0835
167400.19,ZEN,0.1384,0.0837
169200.19,ZEN,0.1375,0.0835
171000.19,ZEN,0.1364,0.0837
172800.19,ZEN,0.1353,0.0835
174600.19,ZEN,0.1343,0.0834
176400.19,ZEN,0.1343,0.0836
178200.19,ZEN,0.1336,0.0836
180000.19,ZEN,0.1326,0.0835
181800.19,ZEN,0.1319,0.0833
183600.19,ZEN,0.1308,0.0838
185400.19,ZEN,0.1305,0.084
187200.19,ZEN,0.1295,0.0838
189000.19,ZEN,0.1288,0.0838
190800.19,ZEN,0.1281,0.0837
192600.19,ZEN,0.1271,0.0837
194400.19,ZEN,0.1265,0.0839
196200.19,ZEN,0.1263,0.0839
198000.19,ZEN,0.1254,0.0839
199800.19,ZEN,0.1248,0.0832
201600.19,ZEN,0.1244,0.0835
203400.19,ZEN,0.1238,0.0836
205200.19,ZEN,0.1249,0.0837
207000.19,ZEN,0.1242,0.0839
208800.19,ZEN,0.1241,0.0837
210600.19,ZEN,0.1236,0.0836
212400.19,ZEN,0.1228,0.0836
214200.19,ZEN,0.1224,0.0839
216000.19,ZEN,0.1227,0.0839
217800.19,ZEN,0.1235,0.0832
219600.19,ZEN,0.1221,0.0835
221400.19,ZEN,0.1219,0.0839
223200.19,ZEN,0.1217,0.0837
225000.19,ZEN,0.1213,0.0836
226800.19,ZEN,0.1207,0.0836
228600.19,ZEN,0.1208,0.0835
230400.19,ZEN,0.1206,0.0835
232200.19,ZEN,0.12,0.083
234000.19,ZEN,0.1198,0.0838
235800.19,ZEN,0.1201,0.0838
237600.19,ZEN,0.1197,0.0836
239400.19,ZEN,0.1194,0.0839
241200.19,ZEN,0.1194,0.0839
243000.19,ZEN,0.1191,0.0835
244800.19,ZEN,0.1188,0.0837
246600.19,ZEN,0.1192,0.0842
0,DON,0.0822,0.0831
1800.19,DON,0.0821,0.0824
3600.19,DON,0.0821,0.0826
5400.19,DON,0.0821,0.0825
7200.19,DON,0.0819,0.0827
9000.19,DON,0.0822,0.0824
10800.19,DON,0.0824,0.0826
12600.19,DON,0.0826,0.0827
14400.19,DON,0.0827,0.0825
16200.19,DON,0.0829,0.0827
18000.19,DON,0.0832,0.0828
19800.19,DON,0.0832,0.0825
21600.19,DON,0.0837,0.0826
23400.19,DON,0.0841,0.0826
25200.19,DON,0.0847,0.0826
27000.19,DON,0.085,0.0826
28800.19,DON,0.0859,0.0827
30600.19,DON,0.0865,0.0823
32400.19,DON,0.0882,0.0827
34200.19,DON,0.0896,0.0826
36000.19,DON,0.0916,0.0826
37800.19,DON,0.0934,0.0826
39600.19,DON,0.0959,0.0825
41400.19,DON,0.0986,0.0825
43200.19,DON,0.1012,0.0825
45000.19,DON,0.1047,0.0826
46800.19,DON,0.1088,0.0826
48600.19,DON,0.1135,0.0828
50400.19,DON,0.118,0.0827
52200.19,DON,0.125,0.0824
54000.19,DON,0.1325,0.0826
55800.19,DON,0.1402,0.0826
57600.19,DON,0.1484,0.0827
59400.19,DON,0.1558,0.0829
61200.19,DON,0.165,0.0832
63000.19,DON,0.1732,0.0828
64800.19,DON,0.184,0.0829
66600.19,DON,0.1922,0.0825
68400.19,DON,0.2015,0.0827
70200.19,DON,0.2128,0.0826
72000.19,DON,0.2199,0.0824
73800.19,DON,0.227,0.0824
75600.19,DON,0.2372,0.0825
77400.19,DON,0.2429,0.0825
79200.19,DON,0.2503,0.0829
81000.19,DON,0.2543,0.0825
82800.19,DON,0.2629,0.0825
84600.19,DON,0.2687,0.0831
86400.19,DON,0.2835,0.0829
88200.19,DON,0.2777,0.0827
90000.19,DON,0.2852,0.0827
91800.19,DON,0.2923,0.083
93600.19,DON,0.2999,0.0828
95400.19,DON,0.3006,0.0826
97200.19,DON,0.3076,0.0828
99000.19,DON,0.3213,0.0827
100800.19,DON,0.3223,0.0828
102600.19,DON,0.3199,0.0827
104400.19,DON,0.3213,0.0823
106200.19,DON,0.3254,0.0826
108000.19,DON,0.3259,0.0826
109800.19,DON,0.3304,0.0827
111600.19,DON,0.332,0.0824
113400.19,DON,0.3329,0.0827
115200.19,DON,0.3322,0.0828
117000.19,DON,0.3317,0.0823
118800.19,DON,0.3341,0.0829
120600.19,DON,0.3335,0.0823
122400.19,DON,0.3401,0.083
124200.19,DON,0.3416,0.0829
126000.19,DON,0.3443,0.0827
127800.19,DON,0.3476,0.0834
129600.19,DON,0.3525,0.083
131400.19,DON,0.3517,0.0828
133200.19,DON,0.3517,0.083
135000.19,DON,0.3526,0.0828
136800.19,DON,0.3524,0.0829
138600.19,DON,0.3516,0.0827
140400.19,DON,0.3523,0.0827
142200.19,DON,0.3497,0.0823
144000.19,DON,0.3479,0.0825
145800.19,DON,0.3468,0.0825
147600.19,DON,0.346,0.0827
149400.19,DON,0.3448,0.083
151200.19,DON,0.3434,0.0826
153000.19,DON,0.3414,0.0826
154800.19,DON,0.3411,0.0829
156600.19,DON,0.3389,0.0827
158400.19,DON,0.3376,0.0826
160200.19,DON,0.3352,0.0827
162000.19,DON,0.3329,0.0827
163800.19,DON,0.3302,0.083
165600.19,DON,0.3268,0.0825
167400.19,DON,0.3235,0.0829
169200.19,DON,0.321,0.0828
171000.19,DON,0.3175,0.0826
172800.19,DON,0.3141,0.0826
174600.19,DON,0.3105,0.0825
176400.19,DON,0.3072,0.0826
178200.19,DON,0.3047,0.0826
180000.19,DON,0.3019,0.0823
181800.19,DON,0.2989,0.0826
183600.19,DON,0.2966,0.0827
185400.19,DON,0.2936,0.0828
187200.19,DON,0.2913,0.0827
189000.19,DON,0.2891,0.083
190800.19,DON,0.2861,0.083
192600.19,DON,0.2837,0.0828
194400.19,DON,0.2811,0.0828
196200.19,DON,0.2786,0.0829
198000.19,DON,0.2767,0.0826
199800.19,DON,0.2737,0.0824
201600.19,DON,0.2711,0.0824
203400.19,DON,0.2687,0.0825
205200.19,DON,0.2672,0.0831
207000.19,DON,0.2647,0.0828
208800.19,DON,0.263,0.0826
210600.19,DON,0.2609,0.0827
212400.19,DON,0.2591,0.0824
214200.19,DON,0.2573,0.0828
216000.19,DON,0.2561,0.0827
217800.19,DON,0.2537,0.0821
219600.19,DON,0.2526,0.0827
221400.19,DON,0.2514,0.0828
223200.19,DON,0.2502,0.083
225000.19,DON,0.2486,0.0826
226800.19,DON,0.2478,0.0825
228600.19,DON,0.2464,0.0828
230400.19,DON,0.2453,0.0828
232200.19,DON,0.2434,0.0825
234000.19,DON,0.2431,0.0827
235800.19,DON,0.242,0.0829
237600.19,DON,0.2416,0.0825
239400.19,DON,0.2408,0.0828
241200.19,DON,0.2397,0.0828
243000.19,DON,0.2389,0.0825
244800.19,DON,0.2382,0.0826
246600.19,DON,0.2381,0.0831
0,DON,0.0846,0.0843
1800.19,DON,0.0841,0.084
3600.19,DON,0.0843,0.0841
5400.19,DON,0.0845,0.084
7200.19,DON,0.0845,0.084
9000.19,DON,0.0845,0.0841
10800.19,DON,0.085,0.0839
12600.19,DON,0.0855,0.0842
14400.19,DON,0.0855,0.0843
16200.19,DON,0.0854,0.0843
18000.19,DON,0.0858,0.0842
19800.19,DON,0.0862,0.0843
21600.19,DON,0.0865,0.0843
23400.19,DON,0.0873,0.0842
25200.19,DON,0.0875,0.0844
27000.19,DON,0.0883,0.0841
28800.19,DON,0.0893,0.0841
30600.19,DON,0.0897,0.084
32400.19,DON,0.0913,0.0845
34200.19,DON,0.0927,0.0843
36000.19,DON,0.0946,0.0846
37800.19,DON,0.0963,0.0842
39600.19,DON,0.0987,0.084
41400.19,DON,0.1017,0.0845
43200.19,DON,0.104,0.0842
45000.19,DON,0.1077,0.0844
46800.19,DON,0.1112,0.0842
48600.19,DON,0.1149,0.0846
50400.19,DON,0.1204,0.0843
52200.19,DON,0.1254,0.0839
54000.19,DON,0.1325,0.0843
55800.19,DON,0.1388,0.0843
57600.19,DON,0.1466,0.0847
59400.19,DON,0.1551,0.0842
61200.19,DON,0.1648,0.0846
63000.19,DON,0.1739,0.0845
64800.19,DON,0.184,0.0844
66600.19,DON,0.1929,0.0841
68400.19,DON,0.2017,0.0843
70200.19,DON,0.2108,0.0842
72000.19,DON,0.2217,0.0843
73800.19,DON,0.2293,0.0843
75600.19,DON,0.2391,0.0841
77400.19,DON,0.2467,0.0839
79200.19,DON,0.2527,0.0842
81000.19,DON,0.26,0.0843
82800.19,DON,0.2683,0.084
84600.19,DON,0.2711,0.085
86400.19,DON,0.2755,0.0846
88200.19,DON,0.2803,0.0842
90000.19,DON,0.2907,0.0844
91800.19,DON,0.2943,0.0849
93600.19,DON,0.2969,0.0843
95400.19,DON,0.2966,0.0843
97200.19,DON,0.2945,0.0844
99000.19,DON,0.2941,0.0843
100800.19,DON,0.295,0.0842
102600.19,DON,0.2944,0.084
104400.19,DON,0.2943,0.0843
106200.19,DON,0.2956,0.0845
108000.19,DON,0.2972,0.0845
109800.19,DON,0.2973,0.0845
111600.19,DON,0.3002,0.0842
113400.19,DON,0.3054,0.0844
115200.19,DON,0.311,0.0844
117000.19,DON,0.3098,0.0844
118800.19,DON,0.311,0.0846
120600.19,DON,0.3104,0.084
122400.19,DON,0.3089,0.0842
124200.19,DON,0.3096,0.0843
126000.19,DON,0.3115,0.0847
127800.19,DON,0.3113,0.0847
129600.19,DON,0.3138,0.0844
131400.19,DON,0.313,0.0842
133200.19,DON,0.313,0.0848
135000.19,DON,0.3106,0.0844
136800.19,DON,0.3107,0.0842
138600.19,DON,0.3094,0.0843
140400.19,DON,0.3063,0.0842
142200.19,DON,0.3068,0.0839
144000.19,DON,0.3053,0.0844
145800.19,DON,0.3034,0.0844
147600.19,DON,0.3007,0.0844
149400.19,DON,0.2984,0.0845
151200.19,DON,0.2954,0.0842
153000.19,DON,0.2932,0.0841
154800.19,DON,0.2919,0.0845
156600.19,DON,0.2886,0.0842
158400.19,DON,0.2856,0.0841
160200.19,DON,0.2842,0.0841
162000.19,DON,0.2807,0.0844
163800.19,DON,0.2785,0.0846
165600.19,DON,0.275,0.0842
167400.19,DON,0.2734,0.0844
169200.19,DON,0.2702,0.0842
171000.19,DON,0.268,0.0842
172800.19,DON,0.2657,0.0845
174600.19,DON,0.2627,0.0842
176400.19,DON,0.2611,0.0847
178200.19,DON,0.2588,0.0843
180000.19,DON,0.2562,0.0838
181800.19,DON,0.254,0.0844
183600.19,DON,0.2513,0.0843
185400.19,DON,0.2494,0.0845
187200.19,DON,0.2478,0.0847
189000.19,DON,0.2453,0.0842
190800.19,DON,0.2427,0.0843
192600.19,DON,0.241,0.0843
194400.19,DON,0.239,0.0842
196200.19,DON,0.2366,0.0847
198000.19,DON,0.2347,0.0845
199800.19,DON,0.232,0.0842
201600.19,DON,0.23,0.084
203400.19,DON,0.2287,0.0841
205200.19,DON,0.2267,0.0844
207000.19,DON,0.2247,0.0843
208800.19,DON,0.223,0.0842
210600.19,DON,0.2209,0.0842
212400.19,DON,0.2192,0.084
214200.19,DON,0.2178,0.0843
216000.19,DON,0.2164,0.0847
217800.19,DON,0.2147,0.0838
219600.19,DON,0.2135,0.0843
221400.19,DON,0.2128,0.0844
223200.19,DON,0.2109,0.0842
225000.19,DON,0.2093,0.0842
226800.19,DON,0.2089,0.0843
228600.19,DON,0.2078,0.0842
230400.19,DON,0.2068,0.0844
232200.19,DON,0.2055,0.0841
234000.19,DON,0.2045,0.0841
235800.19,DON,0.2039,0.0842
237600.19,DON,0.2031,0.0845
239400.19,DON,0.2022,0.0843
241200.19,DON,0.2016,0.0842
243000.19,DON,0.2006,0.0838
244800.19,DON,0.2002,0.0845
246600.19,DON,0.2,0.0847
0,DON,0.0827,0.0831
1800.19,DON,0.0822,0.0824
3600.19,DON,0.0824,0.0826
5400.19,DON,0.0824,0.0825
7200.19,DON,0.0824,0.0827
9000.19,DON,0.0825,0.0824
10800.19,DON,0.0826,0.0826
12600.19,DON,0.083,0.0827
14400.19,DON,0.0834,0.0825
16200.19,DON,0.0832,0.0827
18000.19,DON,0.0838,0.0828
19800.19,DON,0.0841,0.0825
21600.19,DON,0.0846,0.0826
23400.19,DON,0.0849,0.0826
25200.19,DON,0.0856,0.0826
27000.19,DON,0.0863,0.0826
28800.19,DON,0.0868,0.0827
30600.19,DON,0.0876,0.0823
32400.19,DON,0.0891,0.0827
34200.19,DON,0.0903,0.0826
36000.19,DON,0.0912,0.0826
37800.19,DON,0.0927,0.0826
39600.19,DON,0.0947,0.0825
41400.19,DON,0.0972,0.0825
43200.19,DON,0.0995,0.0825
45000.19,DON,0.1024,0.0826
46800.19,DON,0.1059,0.0826
48600.19,DON,0.1094,0.0828
50400.19,DON,0.1133,0.0827
52200.19,DON,0.1178,0.0824
54000.19,DON,0.1233,0.0826
55800.19,DON,0.1293,0.0826
57600.19,DON,0.1363,0.0827
59400.19,DON,0.1436,0.0829
61200.19,DON,0.1515,0.0832
63000.19,DON,0.1599,0.0828
64800.19,DON,0.1688,0.0829
66600.19,DON,0.1768,0.0825
68400.19,DON,0.1859,0.0827
70200.19,DON,0.1928,0.0826
72000.19,DON,0.2004,0.0824
73800.19,DON,0.2076,0.0824
75600.19,DON,0.2141,0.0825
77400.19,DON,0.22,0.0825
79200.19,DON,0.2257,0.0829
81000.19,DON,0.2303,0.0825
82800.19,DON,0.2349,0.0825
84600.19,DON,0.2396,0.0831
86400.19,DON,0.2434,0.0829
88200.19,DON,0.2472,0.0827
90000.19,DON,0.2522,0.0827
91800.19,DON,0.253,0.083
93600.19,DON,0.2528,0.0828
95400.19,DON,0.2614,0.0826
97200.19,DON,0.2597,0.0828
99000.19,DON,0.2606,0.0827
100800.19,DON,0.2631,0.0828
102600.19,DON,0.263,0.0827
104400.19,DON,0.2664,0.0823
106200.19,DON,0.2688,0.0826
108000.19,DON,0.2694,0.0826
109800.19,DON,0.2702,0.0827
111600.19,DON,0.2754,0.0824
113400.19,DON,0.2801,0.0827
115200.19,DON,0.2793,0.0828
117000.19,DON,0.2828,0.0823
118800.19,DON,0.2854,0.0829
120600.19,DON,0.2816,0.0823
122400.19,DON,0.2836,0.083
124200.19,DON,0.2838,0.0829
126000.19,DON,0.2839,0.0827
127800.19,DON,0.2855,0.0834
129600.19,DON,0.2833,0.083
131400.19,DON,0.2864,0.0828
133200.19,DON,0.2887,0.083
135000.19,DON,0.2874,0.0828
136800.19,DON,0.289,0.0829
138600.19,DON,0.2873,0.0827
140400.19,DON,0.2917,0.0827
142200.19,DON,0.2883,0.0823
144000.19,DON,0.2852,0.0825
145800.19,DON,0.2827,0.0825
147600.19,DON,0.2831,0.0827
149400.19,DON,0.2823,0.083
151200.19,DON,0.2826,0.0826
153000.19,DON,0.2813,0.0826
154800.19,DON,0.2792,0.0829
156600.19,DON,0.2794,0.0827
158400.19,DON,0.2774,0.0826
160200.19,DON,0.2746,0.0827
162000.19,DON,0.2731,0.0827
163800.19,DON,0.2717,0.083
165600.19,DON,0.2705,0.0825
167400.19,DON,0.2694,0.0829
169200.19,DON,0.2678,0.0828
171000.19,DON,0.266,0.0826
172800.19,DON,0.2634,0.0826
174600.19,DON,0.2619,0.0825
176400.19,DON,0.2601,0.0826
178200.19,DON,0.2579,0.0826
180000.19,DON,0.2554,0.0823
181800.19,DON,0.2537,0.0826
183600.19,DON,0.252,0.0827
185400.19,DON,0.2504,0.0828
187200.19,DON,0.2486,0.0827
189000.19,DON,0.2469,0.083
190800.19,DON,0.2454,0.083
192600.19,DON,0.243,0.0828
194400.19,DON,0.2414,0.0828
196200.19,DON,0.2398,0.0829
198000.19,DON,0.2378,0.0826
199800.19,DON,0.2361,0.0824
201600.19,DON,0.2343,0.0824
203400.19,DON,0.2329,0.0825
205200.19,DON,0.2317,0.0831
207000.19,DON,0.2302,0.0828
208800.19,DON,0.229,0.0826
210600.19,DON,0.2271,0.0827
212400.19,DON,0.2257,0.0824
214200.19,DON,0.2246,0.0828
216000.19,DON,0.2238,0.0827
217800.19,DON,0.2216,0.0821
219600.19,DON,0.2206,0.0827
221400.19,DON,0.2201,0.0828
223200.19,DON,0.219,0.083
225000.19,DON,0.2177,0.0826
226800.19,DON,0.2168,0.0825
228600.19,DON,0.216,0.0828
230400.19,DON,0.2147,0.0828
232200.19,DON,0.2136,0.0825
234000.19,DON,0.2129,0.0827
235800.19,DON,0.2124,0.0829
237600.19,DON,0.2118,0.0825
239400.19,DON,0.2105,0.0828
241200.19,DON,0.21,0.0828
243000.19,DON,0.2087,0.0825
244800.19,DON,0.2082,0.0826
246600.19,DON,0.2083,0.0831
0,DON,0.0827,0.0843
1800.19,DON,0.0822,0.084
3600.19,DON,0.0824,0.0841
5400.19,DON,0.0825,0.084
7200.19,DON,0.0826,0.084
9000.19,DON,0.0825,0.0841
10800.19,DON,0.0829,0.0839
12600.19,DON,0.0828,0.0842
14400.19,DON,0.0832,0.0843
16200.19,DON,0.0836,0.0843
18000.19,DON,0.0839,0.0842
19800.19,DON,0.0837,0.0843
21600.19,DON,0.084,0.0843
23400.19,DON,0.0847,0.0842
25200.19,DON,0.0851,0.0844
27000.19,DON,0.0854,0.0841
28800.19,DON,0.0862,0.0841
30600.19,DON,0.0864,0.084
32400.19,DON,0.0881,0.0845
34200.19,DON,0.089,0.0843
36000.19,DON,0.0902,0.0846
37800.19,DON,0.0921,0.0842
39600.19,DON,0.0938,0.084
41400.19,DON,0.0961,0.0845
43200.19,DON,0.0986,0.0842
45000.19,DON,0.1012,0.0844
46800.19,DON,0.1046,0.0842
48600.19,DON,0.1088,0.0846
50400.19,DON,0.1123,0.0843
52200.19,DON,0.1167,0.0839
54000.19,DON,0.1218,0.0843
55800.19,DON,0.1274,0.0843
57600.19,DON,0.1338,0.0847
59400.19,DON,0.1409,0.0842
61200.19,DON,0.1477,0.0846
63000.19,DON,0.1548,0.0845
64800.19,DON,0.1628,0.0844
66600.19,DON,0.1696,0.0841
68400.19,DON,0.1768,0.0843
70200.19,DON,0.1828,0.0842
72000.19,DON,0.1893,0.0843
73800.19,DON,0.1951,0.0843
75600.19,DON,0.201,0.0841
77400.19,DON,0.2075,0.0839
79200.19,DON,0.2134,0.0842
81000.19,DON,0.219,0.0843
82800.19,DON,0.2248,0.084
84600.19,DON,0.2268,0.085
86400.19,DON,0.2296,0.0846
88200.19,DON,0.2353,0.0842
90000.19,DON,0.239,0.0844
91800.19,DON,0.2432,0.0849
93600.19,DON,0.2471,0.0843
95400.19,DON,0.2524,0.0843
97200.19,DON,0.2635,0.0844
99000.19,DON,0.2704,0.0843
100800.19,DON,0.2844,0.0842
102600.19,DON,0.2945,0.084
104400.19,DON,0.2966,0.0843
106200.19,DON,0.2962,0.0845
108000.19,DON,0.3048,0.0845
109800.19,DON,0.3033,0.0845
111600.19,DON,0.3072,0.0842
113400.19,DON,0.3074,0.0844
115200.19,DON,0.3159,0.0844
117000.19,DON,0.3105,0.0844
118800.19,DON,0.3193,0.0846
120600.19,DON,0.3143,0.084
122400.19,DON,0.3233,0.0842
124200.19,DON,0.3239,0.0843
126000.19,DON,0.3264,0.0847
127800.19,DON,0.3282,0.0847
129600.19,DON,0.3333,0.0844
131400.19,DON,0.3403,0.0842
133200.19,DON,0.336,0.0848
135000.19,DON,0.3358,0.0844
136800.19,DON,0.3334,0.0842
138600.19,DON,0.334,0.0843
140400.19,DON,0.3366,0.0842
142200.19,DON,0.3342,0.0839
144000.19,DON,0.3285,0.0844
145800.19,DON,0.326,0.0844
147600.19,DON,0.323,0.0844
149400.19,DON,0.3221,0.0845
151200.19,DON,0.32,0.0842
153000.19,DON,0.3182,0.0841
154800.19,DON,0.3176,0.0845
156600.19,DON,0.3154,0.0842
158400.19,DON,0.3128,0.0841
160200.19,DON,0.3112,0.0841
162000.19,DON,0.3094,0.0844
163800.19,DON,0.3069,0.0846
165600.19,DON,0.3049,0.0842
167400.19,DON,0.3024,0.0844
169200.19,DON,0.2992,0.0842
171000.19,DON,0.2959,0.0842
172800.19,DON,0.294,0.0845
174600.19,DON,0.2908,0.0842
176400.19,DON,0.2886,0.0847
178200.19,DON,0.2854,0.0843
180000.19,DON,0.2824,0.0838
181800.19,DON,0.28,0.0844
183600.19,DON,0.2767,0.0843
185400.19,DON,0.2734,0.0845
187200.19,DON,0.27,0.0847
189000.19,DON,0.2672,0.0842
190800.19,DON,0.2643,0.0843
192600.19,DON,0.2614,0.0843
194400.19,DON,0.2583,0.0842
196200.19,DON,0.2556,0.0847
198000.19,DON,0.2526,0.0845
199800.19,DON,0.2498,0.0842
201600.19,DON,0.247,0.084
203400.19,DON,0.2445,0.0841
205200.19,DON,0.2422,0.0844
207000.19,DON,0.2397,0.0843
208800.19,DON,0.2376,0.0842
210600.19,DON,0.2352,0.0842
212400.19,DON,0.2331,0.084
214200.19,DON,0.231,0.0843
216000.19,DON,0.2298,0.0847
217800.19,DON,0.2267,0.0838
219600.19,DON,0.2257,0.0843
221400.19,DON,0.2244,0.0844
223200.19,DON,0.223,0.0842
225000.19,DON,0.2214,0.0842
226800.19,DON,0.2201,0.0843
228600.19,DON,0.2191,0.0842
230400.19,DON,0.2179,0.0844
232200.19,DON,0.2161,0.0841
234000.19,DON,0.2156,0.0841
235800.19,DON,0.2147,0.0842
237600.19,DON,0.2139,0.0845
239400.19,DON,0.2135,0.0843
241200.19,DON,0.2126,0.0842
243000.19,DON,0.2116,0.0838
244800.19,DON,0.2114,0.0845
246600.19,DON,0.2109,0.0847
0,DON,0.0845,0.0831
1800.19,DON,0.0838,0.0824
3600.19,DON,0.084,0.0826
5400.19,DON,0.0839,0.0825
7200.19,DON,0.0842,0.0827
9000.19,DON,0.0841,0.0824
10800.19,DON,0.084,0.0826
12600.19,DON,0.0843,0.0827
14400.19,DON,0.0846,0.0825
16200.19,DON,0.0846,0.0827
18000.19,DON,0.0852,0.0828
19800.19,DON,0.0853,0.0825
21600.19,DON,0.0858,0.0826
23400.19,DON,0.086,0.0826
25200.19,DON,0.0865,0.0826
27000.19,DON,0.087,0.0826
28800.19,DON,0.0875,0.0827
30600.19,DON,0.0884,0.0823
32400.19,DON,0.0897,0.0827
34200.19,DON,0.0911,0.0826
36000.19,DON,0.0926,0.0826
37800.19,DON,0.0942,0.0826
39600.19,DON,0.0965,0.0825
41400.19,DON,0.0992,0.0825
43200.19,DON,0.1017,0.0825
45000.19,DON,0.1049,0.0826
46800.19,DON,0.1083,0.0826
48600.19,DON,0.112,0.0828
50400.19,DON,0.1159,0.0827
52200.19,DON,0.1205,0.0824
54000.19,DON,0.1258,0.0826
55800.19,DON,0.1316,0.0826
57600.19,DON,0.1381,0.0827
59400.19,DON,0.1449,0.0829
61200.19,DON,0.1534,0.0832
63000.19,DON,0.162,0.0828
64800.19,DON,0.1756,0.0829
66600.19,DON,0.1833,0.0825
68400.19,DON,0.1902,0.0827
70200.19,DON,0.1995,0.0826
72000.19,DON,0.206,0.0824
73800.19,DON,0.2113,0.0824
75600.19,DON,0.2187,0.0825
77400.19,DON,0.2244,0.0825
79200.19,DON,0.2318,0.0829
81000.19,DON,0.2353,0.0825
82800.19,DON,0.2388,0.0825
84600.19,DON,0.2444,0.0831
86400.19,DON,0.248,0.0829
88200.19,DON,0.2528,0.0827
90000.19,DON,0.2633,0.0827
91800.19,DON,0.263,0.083
93600.19,DON,0.2628,0.0828
95400.19,DON,0.2856,0.0826
97200.19,DON,0.2931,0.0828
99000.19,DON,0.2935,0.0827
100800.19,DON,0.3028,0.0828
102600.19,DON,0.3065,0.0827
104400.19,DON,0.3192,0.0823
106200.19,DON,0.3225,0.0826
108000.19,DON,0.3393,0.0826
109800.19,DON,0.3191,0.0827
111600.19,DON,0.3195,0.0824
113400.19,DON,0.3142,0.0827
115200.19,DON,0.3166,0.0828
117000.19,DON,0.3203,0.0823
118800.19,DON,0.3188,0.0829
120600.19,DON,0.3259,0.0823
122400.19,DON,0.3189,0.083
124200.19,DON,0.3197,0.0829
126000.19,DON,0.3217,0.0827
127800.19,DON,0.3215,0.0834
129600.19,DON,0.3209,0.083
131400.19,DON,0.3202,0.0828
133200.19,DON,0.3197,0.083
135000.19,DON,0.3175,0.0828
136800.19,DON,0.3189,0.0829
138600.19,DON,0.3159,0.0827
140400.19,DON,0.3147,0.0827
142200.19,DON,0.3121,0.0823
144000.19,DON,0.3074,0.0825
145800.19,DON,0.3064,0.0825
147600.19,DON,0.3039,0.0827
149400.19,DON,0.3005,0.083
151200.19,DON,0.2973,0.0826
153000.19,DON,0.2958,0.0826
154800.19,DON,0.2938,0.0829
156600.19,DON,0.2892,0.0827
158400.19,DON,0.2855,0.0826
160200.19,DON,0.2823,0.0827
162000.19,DON,0.2777,0.0827
163800.19,DON,0.2752,0.083
165600.19,DON,0.272,0.0825
167400.19,DON,0.2691,0.0829
169200.19,DON,0.2661,0.0828
171000.19,DON,0.2628,0.0826
172800.19,DON,0.2605,0.0826
174600.19,DON,0.2581,0.0825
176400.19,DON,0.255,0.0826
178200.19,DON,0.2514,0.0826
180000.19,DON,0.2483,0.0823
181800.19,DON,0.2448,0.0826
183600.19,DON,0.2422,0.0827
185400.19,DON,0.2392,0.0828
187200.19,DON,0.237,0.0827
189000.19,DON,0.2356,0.083
190800.19,DON,0.2338,0.083
192600.19,DON,0.2334,0.0828
194400.19,DON,0.2319,0.0828
196200.19,DON,0.2301,0.0829
198000.19,DON,0.2284,0.0826
199800.19,DON,0.2272,0.0824
201600.19,DON,0.2251,0.0824
203400.19,DON,0.2234,0.0825
205200.19,DON,0.2226,0.0831
207000.19,DON,0.2211,0.0828
208800.19,DON,0.2192,0.0826
210600.19,DON,0.2173,0.0827
212400.19,DON,0.2161,0.0824
214200.19,DON,0.2146,0.0828
216000.19,DON,0.2131,0.0827
217800.19,DON,0.2113,0.0821
219600.19,DON,0.2103,0.0827
221400.19,DON,0.2088,0.0828
223200.19,DON,0.2077,0.083
225000.19,DON,0.2064,0.0826
226800.19,DON,0.2052,0.0825
228600.19,DON,0.2039,0.0828
230400.19,DON,0.2034,0.0828
232200.19,DON,0.2015,0.0825
234000.19,DON,0.2008,0.0827
235800.19,DON,0.2002,0.0829
237600.19,DON,0.199,0.0825
239400.19,DON,0.1987,0.0828
241200.19,DON,0.1981,0.0828
243000.19,DON,0.1972,0.0825
244800.19,DON,0.1967,0.0826
246600.19,DON,0.1961,0.0831
0,DON,0.0853,0.0843
1800.19,DON,0.085,0.084
3600.19,DON,0.0871,0.0841
5400.19,DON,0.0882,0.084
7200.19,DON,0.0893,0.084
9000.19,DON,0.091,0.0841
10800.19,DON,0.0924,0.0839
12600.19,DON,0.0952,0.0842
14400.19,DON,0.0963,0.0843
16200.19,DON,0.0983,0.0843
18000.19,DON,0.1004,0.0842
19800.19,DON,0.1028,0.0843
21600.19,DON,0.1049,0.0843
23400.19,DON,0.1078,0.0842
25200.19,DON,0.1106,0.0844
27000.19,DON,0.1156,0.0841
28800.19,DON,0.1213,0.0841
30600.19,DON,0.1279,0.084
32400.19,DON,0.1347,0.0845
34200.19,DON,0.1421,0.0843
36000.19,DON,0.1542,0.0846
37800.19,DON,0.1656,0.0842
39600.19,DON,0.1806,0.084
41400.19,DON,0.1126,0.0845
43200.19,DON,0.1201,0.0842
45000.19,DON,0.1255,0.0844
46800.19,DON,0.1286,0.0842
48600.19,DON,0.1336,0.0846
50400.19,DON,0.1411,0.0843
52200.19,DON,0.1488,0.0839
54000.19,DON,0.1581,0.0843
55800.19,DON,0.1675,0.0843
57600.19,DON,0.1787,0.0847
59400.19,DON,0.1917,0.0842
61200.19,DON,0.2071,0.0846
63000.19,DON,0.2226,0.0845
64800.19,DON,0.2381,0.0844
66600.19,DON,0.2512,0.0841
68400.19,DON,0.2653,0.0843
70200.19,DON,0.2783,0.0842
72000.19,DON,0.2913,0.0843
73800.19,DON,0.3029,0.0843
75600.19,DON,0.3134,0.0841
77400.19,DON,0.3232,0.0839
79200.19,DON,0.3321,0.0842
81000.19,DON,0.3403,0.0843
82800.19,DON,0.3469,0.084
84600.19,DON,0.3537,0.085
86400.19,DON,0.3587,0.0846
88200.19,DON,0.3632,0.0842
90000.19,DON,0.3673,0.0844
91800.19,DON,0.3718,0.0849
93600.19,DON,0.3745,0.0843
95400.19,DON,0.3773,0.0843
97200.19,DON,0.3803,0.0844
99000.19,DON,0.3823,0.0843
100800.19,DON,0.3849,0.0842
102600.19,DON,0.3859,0.084
104400.19,DON,0.3877,0.0843
106200.19,DON,0.39,0.0845
108000.19,DON,0.3929,0.0845
109800.19,DON,0.3943,0.0845
111600.19,DON,0.3947,0.0842
113400.19,DON,0.397,0.0844
115200.19,DON,0.3982,0.0844
117000.19,DON,0.3987,0.0844
118800.19,DON,0.3997,0.0846
120600.19,DON,0.3996,0.084
122400.19,DON,0.4011,0.0842
124200.19,DON,0.4021,0.0843
126000.19,DON,0.4023,0.0847
127800.19,DON,0.402,0.0847
129600.19,DON,0.4029,0.0844
131400.19,DON,0.4027,0.0842
133200.19,DON,0.4032,0.0848
135000.19,DON,0.4031,0.0844
136800.19,DON,0.4029,0.0842
138600.19,DON,0.4025,0.0843
140400.19,DON,0.4011,0.0842
142200.19,DON,0.4004,0.0839
144000.19,DON,0.3998,0.0844
145800.19,DON,0.3988,0.0844
147600.19,DON,0.3977,0.0844
149400.19,DON,0.3971,0.0845
151200.19,DON,0.3943,0.0842
153000.19,DON,0.3928,0.0841
154800.19,DON,0.3923,0.0845
156600.19,DON,0.3898,0.0842
158400.19,DON,0.3881,0.0841
160200.19,DON,0.3859,0.0841
162000.19,DON,0.3844,0.0844
163800.19,DON,0.3829,0.0846
165600.19,DON,0.3802,0.0842
167400.19,DON,0.3774,0.0844
169200.19,DON,0.3756,0.0842
171000.19,DON,0.3722,0.0842
172800.19,DON,0.3702,0.0845
174600.19,DON,0.3674,0.0842
176400.19,DON,0.3646,0.0847
178200.19,DON,0.3624,0.0843
180000.19,DON,0.3595,0.0838
181800.19,DON,0.3573,0.0844
183600.19,DON,0.3546,0.0843
185400.19,DON,0.3523,0.0845
187200.19,DON,0.3498,0.0847
189000.19,DON,0.3465,0.0842
190800.19,DON,0.3433,0.0843
192600.19,DON,0.3413,0.0843
194400.19,DON,0.3386,0.0842
196200.19,DON,0.3363,0.0847
198000.19,DON,0.3332,0.0845
199800.19,DON,0.331,0.0842
201600.19,DON,0.3281,0.084
203400.19,DON,0.3248,0.0841
205200.19,DON,0.3245,0.0844
207000.19,DON,0.3208,0.0843
208800.19,DON,0.319,0.0842
210600.19,DON,0.3165,0.0842
212400.19,DON,0.3149,0.084
214200.19,DON,0.3131,0.0843
216000.19,DON,0.312,0.0847
217800.19,DON,0.3094,0.0838
219600.19,DON,0.3084,0.0843
221400.19,DON,0.3068,0.0844
223200.19,DON,0.3049,0.0842
225000.19,DON,0.3041,0.0842
226800.19,DON,0.3023,0.0843
228600.19,DON,0.3012,0.0842
230400.19,DON,0.2999,0.0844
232200.19,DON,0.2988,0.0841
234000.19,DON,0.298,0.0841
235800.19,DON,0.2965,0.0842
237600.19,DON,0.2958,0.0845
239400.19,DON,0.295,0.0843
241200.19,DON,0.2946,0.0842
243000.19,DON,0.2937,0.0838
244800.19,DON,0.2927,0.0845
246600.19,DON,0.2929,0.0847
0,DMSO,0.0861,0.0848
1800.19,DMSO,0.0842,0.0845
3600.19,DMSO,0.0844,0.0846
5400.19,DMSO,0.0844,0.0848
7200.19,DMSO,0.0846,0.0846
9000.19,DMSO,0.0846,0.0846
10800.19,DMSO,0.0849,0.0845
12600.19,DMSO,0.085,0.0848
14400.19,DMSO,0.0848,0.0847
16200.19,DMSO,0.0855,0.0845
18000.19,DMSO,0.0854,0.0849
19800.19,DMSO,0.0856,0.0845
21600.19,DMSO,0.0859,0.0846
23400.19,DMSO,0.0864,0.0845
25200.19,DMSO,0.087,0.0848
27000.19,DMSO,0.0889,0.0849
28800.19,DMSO,0.0884,0.0846
30600.19,DMSO,0.0888,0.0844
32400.19,DMSO,0.0905,0.0847
34200.19,DMSO,0.092,0.0848
36000.19,DMSO,0.0936,0.0848
37800.19,DMSO,0.0961,0.0848
39600.19,DMSO,0.098,0.0847
41400.19,DMSO,0.1009,0.0849
43200.19,DMSO,0.104,0.0848
45000.19,DMSO,0.1073,0.085
46800.19,DMSO,0.1121,0.0847
48600.19,DMSO,0.1159,0.0851
50400.19,DMSO,0.1221,0.085
52200.19,DMSO,0.1284,0.0851
54000.19,DMSO,0.1371,0.0851
55800.19,DMSO,0.1475,0.0847
57600.19,DMSO,0.1595,0.0851
59400.19,DMSO,0.1738,0.0851
61200.19,DMSO,0.1904,0.0852
63000.19,DMSO,0.2084,0.0849
64800.19,DMSO,0.2284,0.0853
66600.19,DMSO,0.2485,0.0847
68400.19,DMSO,0.2689,0.0849
70200.19,DMSO,0.2888,0.0851
72000.19,DMSO,0.3052,0.0848
73800.19,DMSO,0.3189,0.0851
75600.19,DMSO,0.3319,0.085
77400.19,DMSO,0.3438,0.0847
79200.19,DMSO,0.3542,0.0848
81000.19,DMSO,0.3645,0.0851
82800.19,DMSO,0.3735,0.0852
84600.19,DMSO,0.3796,0.0852
86400.19,DMSO,0.388,0.0852
88200.19,DMSO,0.3935,0.0849
90000.19,DMSO,0.3992,0.0851
91800.19,DMSO,0.4054,0.0854
93600.19,DMSO,0.4105,0.0848
95400.19,DMSO,0.4153,0.0848
97200.19,DMSO,0.4192,0.085
99000.19,DMSO,0.4225,0.0851
100800.19,DMSO,0.4276,0.0849
102600.19,DMSO,0.4275,0.0851
104400.19,DMSO,0.4302,0.0847
106200.19,DMSO,0.4321,0.085
108000.19,DMSO,0.4338,0.0852
109800.19,DMSO,0.4356,0.085
111600.19,DMSO,0.437,0.0848
113400.19,DMSO,0.4421,0.0851
115200.19,DMSO,0.4438,0.0853
117000.19,DMSO,0.4456,0.0849
118800.19,DMSO,0.4478,0.0852
120600.19,DMSO,0.4491,0.0846
122400.19,DMSO,0.45,0.0853
124200.19,DMSO,0.4505,0.0852
126000.19,DMSO,0.4517,0.0853
127800.19,DMSO,0.4503,0.085
129600.19,DMSO,0.4499,0.0851
131400.19,DMSO,0.448,0.0852
133200.19,DMSO,0.4479,0.0855
135000.19,DMSO,0.4453,0.0849
136800.19,DMSO,0.4445,0.085
138600.19,DMSO,0.4418,0.085
140400.19,DMSO,0.4408,0.0851
142200.19,DMSO,0.4389,0.085
144000.19,DMSO,0.4376,0.0852
145800.19,DMSO,0.4367,0.0853
147600.19,DMSO,0.4348,0.0854
149400.19,DMSO,0.4322,0.0855
151200.19,DMSO,0.4323,0.085
153000.19,DMSO,0.4286,0.0851
154800.19,DMSO,0.4271,0.0854
156600.19,DMSO,0.4245,0.0853
158400.19,DMSO,0.4218,0.0848
160200.19,DMSO,0.4196,0.0852
162000.19,DMSO,0.4178,0.0853
163800.19,DMSO,0.4154,0.0855
165600.19,DMSO,0.4122,0.0851
167400.19,DMSO,0.4098,0.0853
169200.19,DMSO,0.4075,0.0853
171000.19,DMSO,0.4052,0.0851
172800.19,DMSO,0.4021,0.0853
174600.19,DMSO,0.4,0.0855
176400.19,DMSO,0.3978,0.085
178200.19,DMSO,0.3954,0.085
180000.19,DMSO,0.3936,0.0852
181800.19,DMSO,0.3895,0.0854
183600.19,DMSO,0.387,0.0851
185400.19,DMSO,0.3848,0.0854
187200.19,DMSO,0.3825,0.0855
189000.19,DMSO,0.3802,0.0854
190800.19,DMSO,0.3785,0.0852
192600.19,DMSO,0.3753,0.0853
194400.19,DMSO,0.3732,0.0856
196200.19,DMSO,0.371,0.0853
198000.19,DMSO,0.369,0.085
199800.19,DMSO,0.3669,0.0852
201600.19,DMSO,0.3637,0.0851
203400.19,DMSO,0.3621,0.0852
205200.19,DMSO,0.3604,0.0856
207000.19,DMSO,0.3581,0.0851
208800.19,DMSO,0.3559,0.0854
210600.19,DMSO,0.3545,0.0853
212400.19,DMSO,0.3518,0.0854
214200.19,DMSO,0.35,0.0853
216000.19,DMSO,0.3488,0.0856
217800.19,DMSO,0.3459,0.0851
219600.19,DMSO,0.345,0.0853
221400.19,DMSO,0.3436,0.0859
223200.19,DMSO,0.3416,0.0856
225000.19,DMSO,0.3394,0.085
226800.19,DMSO,0.3383,0.0851
228600.19,DMSO,0.337,0.0855
230400.19,DMSO,0.3353,0.0856
232200.19,DMSO,0.333,0.0851
234000.19,DMSO,0.332,0.0854
235800.19,DMSO,0.3304,0.0857
237600.19,DMSO,0.3296,0.0856
239400.19,DMSO,0.3277,0.0854
241200.19,DMSO,0.3273,0.0855
243000.19,DMSO,0.3254,0.0855
244800.19,DMSO,0.3242,0.0853
246600.19,DMSO,0.3227,0.0858
0,DMSO,0.0946,0.0848
1800.19,DMSO,0.0826,0.0845
3600.19,DMSO,0.0828,0.0846
5400.19,DMSO,0.0826,0.0848
7200.19,DMSO,0.0828,0.0846
9000.19,DMSO,0.0828,0.0846
10800.19,DMSO,0.0825,0.0845
12600.19,DMSO,0.0833,0.0848
14400.19,DMSO,0.0836,0.0847
16200.19,DMSO,0.0833,0.0845
18000.19,DMSO,0.0837,0.0849
19800.19,DMSO,0.084,0.0845
21600.19,DMSO,0.0844,0.0846
23400.19,DMSO,0.0847,0.0845
25200.19,DMSO,0.0854,0.0848
27000.19,DMSO,0.0862,0.0849
28800.19,DMSO,0.0869,0.0846
30600.19,DMSO,0.0877,0.0844
32400.19,DMSO,0.0894,0.0847
34200.19,DMSO,0.0907,0.0848
36000.19,DMSO,0.0929,0.0848
37800.19,DMSO,0.0951,0.0848
39600.19,DMSO,0.0974,0.0847
41400.19,DMSO,0.1005,0.0849
43200.19,DMSO,0.1036,0.0848
45000.19,DMSO,0.107,0.085
46800.19,DMSO,0.1112,0.0847
48600.19,DMSO,0.1164,0.0851
50400.19,DMSO,0.1223,0.085
52200.19,DMSO,0.1297,0.0851
54000.19,DMSO,0.1387,0.0851
55800.19,DMSO,0.1494,0.0847
57600.19,DMSO,0.1622,0.0851
59400.19,DMSO,0.1772,0.0851
61200.19,DMSO,0.1943,0.0852
63000.19,DMSO,0.2134,0.0849
64800.19,DMSO,0.2346,0.0853
66600.19,DMSO,0.2555,0.0847
68400.19,DMSO,0.2769,0.0849
70200.19,DMSO,0.2968,0.0851
72000.19,DMSO,0.3128,0.0848
73800.19,DMSO,0.3268,0.0851
75600.19,DMSO,0.3394,0.085
77400.19,DMSO,0.3503,0.0847
79200.19,DMSO,0.3601,0.0848
81000.19,DMSO,0.3686,0.0851
82800.19,DMSO,0.3765,0.0852
84600.19,DMSO,0.3847,0.0852
86400.19,DMSO,0.3918,0.0852
88200.19,DMSO,0.398,0.0849
90000.19,DMSO,0.4041,0.0851
91800.19,DMSO,0.4102,0.0854
93600.19,DMSO,0.4154,0.0848
95400.19,DMSO,0.4195,0.0848
97200.19,DMSO,0.4218,0.085
99000.19,DMSO,0.4251,0.0851
100800.19,DMSO,0.4271,0.0849
102600.19,DMSO,0.4297,0.0851
104400.19,DMSO,0.4313,0.0847
106200.19,DMSO,0.4329,0.085
108000.19,DMSO,0.4347,0.0852
109800.19,DMSO,0.437,0.085
111600.19,DMSO,0.439,0.0848
113400.19,DMSO,0.4418,0.0851
115200.19,DMSO,0.4449,0.0853
117000.19,DMSO,0.4459,0.0849
118800.19,DMSO,0.4488,0.0852
120600.19,DMSO,0.4513,0.0846
122400.19,DMSO,0.452,0.0853
124200.19,DMSO,0.452,0.0852
126000.19,DMSO,0.451,0.0853
127800.19,DMSO,0.4503,0.085
129600.19,DMSO,0.4496,0.0851
131400.19,DMSO,0.4485,0.0852
133200.19,DMSO,0.4485,0.0855
135000.19,DMSO,0.4473,0.0849
136800.19,DMSO,0.4466,0.085
138600.19,DMSO,0.4454,0.085
140400.19,DMSO,0.4446,0.0851
142200.19,DMSO,0.4435,0.085
144000.19,DMSO,0.4421,0.0852
145800.19,DMSO,0.4414,0.0853
147600.19,DMSO,0.4401,0.0854
149400.19,DMSO,0.4379,0.0855
151200.19,DMSO,0.4356,0.085
153000.19,DMSO,0.4336,0.0851
154800.19,DMSO,0.4322,0.0854
156600.19,DMSO,0.4298,0.0853
158400.19,DMSO,0.4278,0.0848
160200.19,DMSO,0.4261,0.0852
162000.19,DMSO,0.4238,0.0853
163800.19,DMSO,0.4215,0.0855
165600.19,DMSO,0.419,0.0851
167400.19,DMSO,0.4167,0.0853
169200.19,DMSO,0.4141,0.0853
171000.19,DMSO,0.4116,0.0851
172800.19,DMSO,0.4092,0.0853
174600.19,DMSO,0.4064,0.0855
176400.19,DMSO,0.4039,0.085
178200.19,DMSO,0.4015,0.085
180000.19,DMSO,0.3989,0.0852
181800.19,DMSO,0.3958,0.0854
183600.19,DMSO,0.3937,0.0851
185400.19,DMSO,0.3915,0.0854
187200.19,DMSO,0.3884,0.0855
189000.19,DMSO,0.3866,0.0854
190800.19,DMSO,0.3834,0.0852
192600.19,DMSO,0.3808,0.0853
194400.19,DMSO,0.3786,0.0856
196200.19,DMSO,0.3758,0.0853
198000.19,DMSO,0.373,0.085
199800.19,DMSO,0.3707,0.0852
201600.19,DMSO,0.3677,0.0851
203400.19,DMSO,0.3659,0.0852
205200.19,DMSO,0.3641,0.0856
207000.19,DMSO,0.3611,0.0851
208800.19,DMSO,0.3587,0.0854
210600.19,DMSO,0.3566,0.0853
212400.19,DMSO,0.354,0.0854
214200.19,DMSO,0.3519,0.0853
216000.19,DMSO,0.3499,0.0856
217800.19,DMSO,0.3471,0.0851
219600.19,DMSO,0.3455,0.0853
221400.19,DMSO,0.3437,0.0859
223200.19,DMSO,0.341,0.0856
225000.19,DMSO,0.339,0.085
226800.19,DMSO,0.3364,0.0851
228600.19,DMSO,0.3349,0.0855
230400.19,DMSO,0.333,0.0856
232200.19,DMSO,0.3303,0.0851
234000.19,DMSO,0.3289,0.0854
235800.19,DMSO,0.3272,0.0857
237600.19,DMSO,0.3255,0.0856
239400.19,DMSO,0.3233,0.0854
241200.19,DMSO,0.3216,0.0855
243000.19,DMSO,0.3198,0.0855
244800.19,DMSO,0.3181,0.0853
246600.19,DMSO,0.3173,0.0858
0,DMSO,0.0843,0.0848
1800.19,DMSO,0.0838,0.0845
3600.19,DMSO,0.0844,0.0846
5400.19,DMSO,0.0842,0.0848
7200.19,DMSO,0.0842,0.0846
9000.19,DMSO,0.0843,0.0846
10800.19,DMSO,0.0842,0.0845
12600.19,DMSO,0.0844,0.0848
14400.19,DMSO,0.0849,0.0847
16200.19,DMSO,0.0849,0.0845
18000.19,DMSO,0.0853,0.0849
19800.19,DMSO,0.0852,0.0845
21600.19,DMSO,0.0856,0.0846
23400.19,DMSO,0.0862,0.0845
25200.19,DMSO,0.0867,0.0848
27000.19,DMSO,0.087,0.0849
28800.19,DMSO,0.0882,0.0846
30600.19,DMSO,0.0884,0.0844
32400.19,DMSO,0.0906,0.0847
34200.19,DMSO,0.0919,0.0848
36000.19,DMSO,0.0937,0.0848
37800.19,DMSO,0.0957,0.0848
39600.19,DMSO,0.0981,0.0847
41400.19,DMSO,0.1012,0.0849
43200.19,DMSO,0.1039,0.0848
45000.19,DMSO,0.1076,0.085
46800.19,DMSO,0.1111,0.0847
48600.19,DMSO,0.1159,0.0851
50400.19,DMSO,0.122,0.085
52200.19,DMSO,0.1289,0.0851
54000.19,DMSO,0.1377,0.0851
55800.19,DMSO,0.1471,0.0847
57600.19,DMSO,0.159,0.0851
59400.19,DMSO,0.1729,0.0851
61200.19,DMSO,0.188,0.0852
63000.19,DMSO,0.2068,0.0849
64800.19,DMSO,0.2258,0.0853
66600.19,DMSO,0.2457,0.0847
68400.19,DMSO,0.2672,0.0849
70200.19,DMSO,0.2867,0.0851
72000.19,DMSO,0.3018,0.0848
73800.19,DMSO,0.316,0.0851
75600.19,DMSO,0.33,0.085
77400.19,DMSO,0.3433,0.0847
79200.19,DMSO,0.355,0.0848
81000.19,DMSO,0.3658,0.0851
82800.19,DMSO,0.375,0.0852
84600.19,DMSO,0.3832,0.0852
86400.19,DMSO,0.3921,0.0852
88200.19,DMSO,0.3986,0.0849
90000.19,DMSO,0.4025,0.0851
91800.19,DMSO,0.4081,0.0854
93600.19,DMSO,0.4126,0.0848
95400.19,DMSO,0.4182,0.0848
97200.19,DMSO,0.4223,0.085
99000.19,DMSO,0.426,0.0851
100800.19,DMSO,0.4288,0.0849
102600.19,DMSO,0.4315,0.0851
104400.19,DMSO,0.4334,0.0847
106200.19,DMSO,0.436,0.085
108000.19,DMSO,0.4386,0.0852
109800.19,DMSO,0.441,0.085
111600.19,DMSO,0.4432,0.0848
113400.19,DMSO,0.4468,0.0851
115200.19,DMSO,0.4494,0.0853
117000.19,DMSO,0.4517,0.0849
118800.19,DMSO,0.4538,0.0852
120600.19,DMSO,0.4559,0.0846
122400.19,DMSO,0.4565,0.0853
124200.19,DMSO,0.4572,0.0852
126000.19,DMSO,0.4573,0.0853
127800.19,DMSO,0.4572,0.085
129600.19,DMSO,0.4561,0.0851
131400.19,DMSO,0.4546,0.0852
133200.19,DMSO,0.454,0.0855
135000.19,DMSO,0.4516,0.0849
136800.19,DMSO,0.4509,0.085
138600.19,DMSO,0.449,0.085
140400.19,DMSO,0.4479,0.0851
142200.19,DMSO,0.4462,0.085
144000.19,DMSO,0.4447,0.0852
145800.19,DMSO,0.4426,0.0853
147600.19,DMSO,0.4415,0.0854
149400.19,DMSO,0.4394,0.0855
151200.19,DMSO,0.4372,0.085
153000.19,DMSO,0.4352,0.0851
154800.19,DMSO,0.434,0.0854
156600.19,DMSO,0.4308,0.0853
158400.19,DMSO,0.4286,0.0848
160200.19,DMSO,0.4268,0.0852
162000.19,DMSO,0.424,0.0853
163800.19,DMSO,0.4219,0.0855
165600.19,DMSO,0.4188,0.0851
167400.19,DMSO,0.4167,0.0853
169200.19,DMSO,0.4147,0.0853
171000.19,DMSO,0.4125,0.0851
172800.19,DMSO,0.41,0.0853
174600.19,DMSO,0.4069,0.0855
176400.19,DMSO,0.4052,0.085
178200.19,DMSO,0.4022,0.085
180000.19,DMSO,0.3999,0.0852
181800.19,DMSO,0.3973,0.0854
183600.19,DMSO,0.3949,0.0851
185400.19,DMSO,0.3932,0.0854
187200.19,DMSO,0.39,0.0855
189000.19,DMSO,0.3879,0.0854
190800.19,DMSO,0.3855,0.0852
192600.19,DMSO,0.3829,0.0853
194400.19,DMSO,0.381,0.0856
196200.19,DMSO,0.3784,0.0853
198000.19,DMSO,0.3759,0.085
199800.19,DMSO,0.3741,0.0852
201600.19,DMSO,0.3716,0.0851
203400.19,DMSO,0.3697,0.0852
205200.19,DMSO,0.3675,0.0856
207000.19,DMSO,0.3659,0.0851
208800.19,DMSO,0.3635,0.0854
210600.19,DMSO,0.3616,0.0853
212400.19,DMSO,0.3597,0.0854
214200.19,DMSO,0.358,0.0853
216000.19,DMSO,0.3562,0.0856
217800.19,DMSO,0.3537,0.0851
219600.19,DMSO,0.3523,0.0853
221400.19,DMSO,0.3511,0.0859
223200.19,DMSO,0.3492,0.0856
225000.19,DMSO,0.3472,0.085
226800.19,DMSO,0.3454,0.0851
228600.19,DMSO,0.3447,0.0855
230400.19,DMSO,0.3428,0.0856
232200.19,DMSO,0.3411,0.0851
234000.19,DMSO,0.3404,0.0854
235800.19,DMSO,0.3388,0.0857
237600.19,DMSO,0.3377,0.0856
239400.19,DMSO,0.336,0.0854
241200.19,DMSO,0.335,0.0855
243000.19,DMSO,0.3332,0.0855
244800.19,DMSO,0.3322,0.0853
246600.19,DMSO,0.3317,0.0858
0,AUR,0.0979,0.1064
1800.19,AUR,0.0965,0.1041
3600.19,AUR,0.0961,0.1013
5400.19,AUR,0.095,0.1001
7200.19,AUR,0.0949,0.0977
9000.19,AUR,0.0941,0.0973
10800.19,AUR,0.0935,0.0965
12600.19,AUR,0.0926,0.0956
14400.19,AUR,0.0926,0.0953
16200.19,AUR,0.0921,0.0946
18000.19,AUR,0.0921,0.0947
19800.19,AUR,0.0923,0.0936
21600.19,AUR,0.0917,0.0967
23400.19,AUR,0.0916,0.0927
25200.19,AUR,0.0908,0.0927
27000.19,AUR,0.0913,0.0919
28800.19,AUR,0.0913,0.0933
30600.19,AUR,0.0903,0.092
32400.19,AUR,0.091,0.0922
34200.19,AUR,0.0914,0.0914
36000.19,AUR,0.0915,0.0919
37800.19,AUR,0.0919,0.0934
39600.19,AUR,0.0927,0.094
41400.19,AUR,0.0935,0.0903
43200.19,AUR,0.0943,0.0931
45000.19,AUR,0.0957,0.0905
46800.19,AUR,0.0963,0.09
48600.19,AUR,0.0978,0.0908
50400.19,AUR,0.0988,0.0909
52200.19,AUR,0.1015,0.0903
54000.19,AUR,0.1039,0.0903
55800.19,AUR,0.1063,0.0908
57600.19,AUR,0.1086,0.0904
59400.19,AUR,0.1131,0.0899
61200.19,AUR,0.1179,0.0904
63000.19,AUR,0.1224,0.0896
64800.19,AUR,0.1271,0.0901
66600.19,AUR,0.1339,0.0894
68400.19,AUR,0.1392,0.0897
70200.19,AUR,0.1463,0.0896
72000.19,AUR,0.1513,0.0898
73800.19,AUR,0.1578,0.0897
75600.19,AUR,0.1649,0.0901
77400.19,AUR,0.1703,0.0888
79200.19,AUR,0.1753,0.0894
81000.19,AUR,0.18,0.0895
82800.19,AUR,0.1837,0.0894
84600.19,AUR,0.1894,0.0895
86400.19,AUR,0.1913,0.0892
88200.19,AUR,0.1953,0.0904
90000.19,AUR,0.1979,0.0888
91800.19,AUR,0.2011,0.09
93600.19,AUR,0.2029,0.0893
95400.19,AUR,0.2056,0.09
97200.19,AUR,0.2073,0.0896
99000.19,AUR,0.2098,0.0886
100800.19,AUR,0.2106,0.0894
102600.19,AUR,0.212,0.0904
104400.19,AUR,0.2129,0.0889
106200.19,AUR,0.2144,0.0888
108000.19,AUR,0.2149,0.0892
109800.19,AUR,0.2155,0.0892
111600.19,AUR,0.2161,0.0893
113400.19,AUR,0.2167,0.0895
115200.19,AUR,0.219,0.0886
117000.19,AUR,0.2188,0.0887
118800.19,AUR,0.219,0.0893
120600.19,AUR,0.2206,0.0889
122400.19,AUR,0.221,0.0892
124200.19,AUR,0.2216,0.0888
126000.19,AUR,0.2224,0.0891
127800.19,AUR,0.2222,0.0891
129600.19,AUR,0.2234,0.0905
131400.19,AUR,0.2233,0.0888
133200.19,AUR,0.2227,0.0896
135000.19,AUR,0.2236,0.0888
136800.19,AUR,0.2227,0.089
138600.19,AUR,0.2236,0.0889
140400.19,AUR,0.2227,0.0891
142200.19,AUR,0.2212,0.0891
144000.19,AUR,0.2218,0.089
145800.19,AUR,0.2217,0.0888
147600.19,AUR,0.2206,0.089
149400.19,AUR,0.2204,0.0891
151200.19,AUR,0.2194,0.0895
153000.19,AUR,0.219,0.0887
154800.19,AUR,0.2188,0.0889
156600.19,AUR,0.2168,0.0888
158400.19,AUR,0.2155,0.0883
160200.19,AUR,0.215,0.089
162000.19,AUR,0.2147,0.0894
163800.19,AUR,0.2131,0.0891
165600.19,AUR,0.2108,0.0889
167400.19,AUR,0.2096,0.0888
169200.19,AUR,0.2089,0.0896
171000.19,AUR,0.2065,0.0886
172800.19,AUR,0.2059,0.0884
174600.19,AUR,0.2037,0.0887
176400.19,AUR,0.2024,0.0887
178200.19,AUR,0.2019,0.0897
180000.19,AUR,0.2004,0.0889
181800.19,AUR,0.1992,0.0885
183600.19,AUR,0.1981,0.0893
185400.19,AUR,0.1958,0.089
187200.19,AUR,0.1953,0.0893
189000.19,AUR,0.1928,0.0894
190800.19,AUR,0.1927,0.0885
192600.19,AUR,0.1918,0.0895
194400.19,AUR,0.1883,0.089
196200.19,AUR,0.1876,0.0892
198000.19,AUR,0.1867,0.0889
199800.19,AUR,0.1846,0.0887
201600.19,AUR,0.1834,0.0893
203400.19,AUR,0.1818,0.0887
205200.19,AUR,0.1815,0.0888
207000.19,AUR,0.1799,0.0885
208800.19,AUR,0.1803,0.0894
210600.19,AUR,0.1774,0.0884
212400.19,AUR,0.1772,0.0888
214200.19,AUR,0.1767,0.0886
216000.19,AUR,0.1751,0.0888
217800.19,AUR,0.1735,0.0883
219600.19,AUR,0.1732,0.0886
221400.19,AUR,0.1719,0.089
223200.19,AUR,0.1716,0.0886
225000.19,AUR,0.1703,0.0887
226800.19,AUR,0.1703,0.0885
228600.19,AUR,0.169,0.0891
230400.19,AUR,0.1685,0.0891
232200.19,AUR,0.1683,0.0887
234000.19,AUR,0.1668,0.0884
235800.19,AUR,0.1668,0.0895
237600.19,AUR,0.1666,0.0886
239400.19,AUR,0.1653,0.0894
241200.19,AUR,0.1649,0.0891
243000.19,AUR,0.1639,0.0885
244800.19,AUR,0.1643,0.0891
246600.19,AUR,0.166,0.0893
0,AUR,0.1001,0.1064
1800.19,AUR,0.0955,0.1041
3600.19,AUR,0.0958,0.1013
5400.19,AUR,0.0948,0.1001
7200.19,AUR,0.0947,0.0977
9000.19,AUR,0.094,0.0973
10800.19,AUR,0.0934,0.0965
12600.19,AUR,0.0936,0.0956
14400.19,AUR,0.0928,0.0953
16200.19,AUR,0.0929,0.0946
18000.19,AUR,0.0925,0.0947
19800.19,AUR,0.0921,0.0936
21600.19,AUR,0.0922,0.0967
23400.19,AUR,0.0933,0.0927
25200.19,AUR,0.0924,0.0927
27000.19,AUR,0.093,0.0919
28800.19,AUR,0.0929,0.0933
30600.19,AUR,0.0926,0.092
32400.19,AUR,0.0927,0.0922
34200.19,AUR,0.0931,0.0914
36000.19,AUR,0.0945,0.0919
37800.19,AUR,0.0949,0.0934
39600.19,AUR,0.0957,0.094
41400.19,AUR,0.0965,0.0903
43200.19,AUR,0.0979,0.0931
45000.19,AUR,0.0999,0.0905
46800.19,AUR,0.1012,0.09
48600.19,AUR,0.1038,0.0908
50400.19,AUR,0.1051,0.0909
52200.19,AUR,0.1082,0.0903
54000.19,AUR,0.1117,0.0903
55800.19,AUR,0.1157,0.0908
57600.19,AUR,0.1207,0.0904
59400.19,AUR,0.1255,0.0899
61200.19,AUR,0.1319,0.0904
63000.19,AUR,0.1375,0.0896
64800.19,AUR,0.1455,0.0901
66600.19,AUR,0.1532,0.0894
68400.19,AUR,0.1617,0.0897
70200.19,AUR,0.1705,0.0896
72000.19,AUR,0.1788,0.0898
73800.19,AUR,0.1875,0.0897
75600.19,AUR,0.1953,0.0901
77400.19,AUR,0.2022,0.0888
79200.19,AUR,0.2088,0.0894
81000.19,AUR,0.2147,0.0895
82800.19,AUR,0.22,0.0894
84600.19,AUR,0.2242,0.0895
86400.19,AUR,0.2279,0.0892
88200.19,AUR,0.2336,0.0904
90000.19,AUR,0.2358,0.0888
91800.19,AUR,0.2398,0.09
93600.19,AUR,0.242,0.0893
95400.19,AUR,0.2451,0.09
97200.19,AUR,0.2471,0.0896
99000.19,AUR,0.2484,0.0886
100800.19,AUR,0.2508,0.0894
102600.19,AUR,0.2521,0.0904
104400.19,AUR,0.2529,0.0889
106200.19,AUR,0.2538,0.0888
108000.19,AUR,0.255,0.0892
109800.19,AUR,0.2546,0.0892
111600.19,AUR,0.2557,0.0893
113400.19,AUR,0.2566,0.0895
115200.19,AUR,0.2572,0.0886
117000.19,AUR,0.2582,0.0887
118800.19,AUR,0.2596,0.0893
120600.19,AUR,0.2603,0.0889
122400.19,AUR,0.261,0.0892
124200.19,AUR,0.2628,0.0888
126000.19,AUR,0.2627,0.0891
127800.19,AUR,0.2641,0.0891
129600.19,AUR,0.2643,0.0905
131400.19,AUR,0.2644,0.0888
133200.19,AUR,0.264,0.0896
135000.19,AUR,0.264,0.0888
136800.19,AUR,0.264,0.089
138600.19,AUR,0.2628,0.0889
140400.19,AUR,0.2627,0.0891
142200.19,AUR,0.2623,0.0891
144000.19,AUR,0.2626,0.089
145800.19,AUR,0.2607,0.0888
147600.19,AUR,0.2597,0.089
149400.19,AUR,0.2596,0.0891
151200.19,AUR,0.2572,0.0895
153000.19,AUR,0.2573,0.0887
154800.19,AUR,0.2563,0.0889
156600.19,AUR,0.255,0.0888
158400.19,AUR,0.2535,0.0883
160200.19,AUR,0.2517,0.089
162000.19,AUR,0.2496,0.0894
163800.19,AUR,0.2482,0.0891
165600.19,AUR,0.2462,0.0889
167400.19,AUR,0.2458,0.0888
169200.19,AUR,0.2443,0.0896
171000.19,AUR,0.2421,0.0886
172800.19,AUR,0.2406,0.0884
174600.19,AUR,0.2391,0.0887
176400.19,AUR,0.2365,0.0887
178200.19,AUR,0.2349,0.0897
180000.19,AUR,0.2326,0.0889
181800.19,AUR,0.2318,0.0885
183600.19,AUR,0.2294,0.0893
185400.19,AUR,0.2278,0.089
187200.19,AUR,0.2269,0.0893
189000.19,AUR,0.2257,0.0894
190800.19,AUR,0.2231,0.0885
192600.19,AUR,0.221,0.0895
194400.19,AUR,0.2203,0.089
196200.19,AUR,0.2179,0.0892
198000.19,AUR,0.2177,0.0889
199800.19,AUR,0.2158,0.0887
201600.19,AUR,0.2142,0.0893
203400.19,AUR,0.213,0.0887
205200.19,AUR,0.2114,0.0888
207000.19,AUR,0.2108,0.0885
208800.19,AUR,0.21,0.0894
210600.19,AUR,0.2074,0.0884
212400.19,AUR,0.2062,0.0888
214200.19,AUR,0.206,0.0886
216000.19,AUR,0.2051,0.0888
217800.19,AUR,0.2031,0.0883
219600.19,AUR,0.2035,0.0886
221400.19,AUR,0.2024,0.089
223200.19,AUR,0.201,0.0886
225000.19,AUR,0.2003,0.0887
226800.19,AUR,0.1993,0.0885
228600.19,AUR,0.1985,0.0891
230400.19,AUR,0.1977,0.0891
232200.19,AUR,0.1972,0.0887
234000.19,AUR,0.1969,0.0884
235800.19,AUR,0.1968,0.0895
237600.19,AUR,0.1957,0.0886
239400.19,AUR,0.196,0.0894
241200.19,AUR,0.1938,0.0891
243000.19,AUR,0.1932,0.0885
244800.19,AUR,0.1936,0.0891
246600.19,AUR,0.1929,0.0893
0,AUR,0.0997,0.1064
1800.19,AUR,0.0958,0.1041
3600.19,AUR,0.0955,0.1013
5400.19,AUR,0.0951,0.1001
7200.19,AUR,0.0946,0.0977
9000.19,AUR,0.0946,0.0973
10800.19,AUR,0.0938,0.0965
12600.19,AUR,0.0938,0.0956
14400.19,AUR,0.0935,0.0953
16200.19,AUR,0.0931,0.0946
18000.19,AUR,0.0928,0.0947
19800.19,AUR,0.092,0.0936
21600.19,AUR,0.0916,0.0967
23400.19,AUR,0.0921,0.0927
25200.19,AUR,0.0925,0.0927
27000.19,AUR,0.0917,0.0919
28800.19,AUR,0.0929,0.0933
30600.19,AUR,0.0925,0.092
32400.19,AUR,0.0925,0.0922
34200.19,AUR,0.0926,0.0914
36000.19,AUR,0.0924,0.0919
37800.19,AUR,0.0946,0.0934
39600.19,AUR,0.0948,0.094
41400.19,AUR,0.0954,0.0903
43200.19,AUR,0.096,0.0931
45000.19,AUR,0.0965,0.0905
46800.19,AUR,0.0976,0.09
48600.19,AUR,0.0994,0.0908
50400.19,AUR,0.1018,0.0909
52200.19,AUR,0.1027,0.0903
54000.19,AUR,0.1056,0.0903
55800.19,AUR,0.1087,0.0908
57600.19,AUR,0.1118,0.0904
59400.19,AUR,0.1153,0.0899
61200.19,AUR,0.1195,0.0904
63000.19,AUR,0.1261,0.0896
64800.19,AUR,0.1303,0.0901
66600.19,AUR,0.1332,0.0894
68400.19,AUR,0.1402,0.0897
70200.19,AUR,0.149,0.0896
72000.19,AUR,0.1526,0.0898
73800.19,AUR,0.1584,0.0897
75600.19,AUR,0.1637,0.0901
77400.19,AUR,0.1673,0.0888
79200.19,AUR,0.1749,0.0894
81000.19,AUR,0.1773,0.0895
82800.19,AUR,0.1819,0.0894
84600.19,AUR,0.1861,0.0895
86400.19,AUR,0.1918,0.0892
88200.19,AUR,0.1943,0.0904
90000.19,AUR,0.1959,0.0888
91800.19,AUR,0.2007,0.09
93600.19,AUR,0.2023,0.0893
95400.19,AUR,0.2037,0.09
97200.19,AUR,0.2054,0.0896
99000.19,AUR,0.2077,0.0886
100800.19,AUR,0.2084,0.0894
102600.19,AUR,0.2131,0.0904
104400.19,AUR,0.211,0.0889
106200.19,AUR,0.2118,0.0888
108000.19,AUR,0.2164,0.0892
109800.19,AUR,0.2153,0.0892
111600.19,AUR,0.2163,0.0893
113400.19,AUR,0.2167,0.0895
115200.19,AUR,0.2179,0.0886
117000.19,AUR,0.2196,0.0887
118800.19,AUR,0.2198,0.0893
120600.19,AUR,0.2215,0.0889
122400.19,AUR,0.2195,0.0892
124200.19,AUR,0.2194,0.0888
126000.19,AUR,0.2233,0.0891
127800.19,AUR,0.2234,0.0891
129600.19,AUR,0.2236,0.0905
131400.19,AUR,0.224,0.0888
133200.19,AUR,0.2228,0.0896
135000.19,AUR,0.2228,0.0888
136800.19,AUR,0.2206,0.089
138600.19,AUR,0.2225,0.0889
140400.19,AUR,0.2229,0.0891
142200.19,AUR,0.2213,0.0891
144000.19,AUR,0.221,0.089
145800.19,AUR,0.2219,0.0888
147600.19,AUR,0.2204,0.089
149400.19,AUR,0.2212,0.0891
151200.19,AUR,0.2201,0.0895
153000.19,AUR,0.2201,0.0887
154800.19,AUR,0.2206,0.0889
156600.19,AUR,0.2176,0.0888
158400.19,AUR,0.2173,0.0883
160200.19,AUR,0.2159,0.089
162000.19,AUR,0.2162,0.0894
163800.19,AUR,0.2156,0.0891
165600.19,AUR,0.2135,0.0889
167400.19,AUR,0.214,0.0888
169200.19,AUR,0.2114,0.0896
171000.19,AUR,0.2103,0.0886
172800.19,AUR,0.2077,0.0884
174600.19,AUR,0.207,0.0887
176400.19,AUR,0.206,0.0887
178200.19,AUR,0.2042,0.0897
180000.19,AUR,0.2024,0.0889
181800.19,AUR,0.203,0.0885
183600.19,AUR,0.2,0.0893
185400.19,AUR,0.1993,0.089
187200.19,AUR,0.1975,0.0893
189000.19,AUR,0.1971,0.0894
190800.19,AUR,0.1945,0.0885
192600.19,AUR,0.1927,0.0895
194400.19,AUR,0.192,0.089
196200.19,AUR,0.1905,0.0892
198000.19,AUR,0.1888,0.0889
199800.19,AUR,0.1873,0.0887
201600.19,AUR,0.1869,0.0893
203400.19,AUR,0.1844,0.0887
205200.19,AUR,0.1831,0.0888
207000.19,AUR,0.1823,0.0885
208800.19,AUR,0.1815,0.0894
210600.19,AUR,0.1795,0.0884
212400.19,AUR,0.1793,0.0888
214200.19,AUR,0.1785,0.0886
216000.19,AUR,0.177,0.0888
217800.19,AUR,0.1759,0.0883
219600.19,AUR,0.1751,0.0886
221400.19,AUR,0.1758,0.089
223200.19,AUR,0.1733,0.0886
225000.19,AUR,0.1727,0.0887
226800.19,AUR,0.172,0.0885
228600.19,AUR,0.1715,0.0891
230400.19,AUR,0.1701,0.0891
232200.19,AUR,0.1688,0.0887
234000.19,AUR,0.1693,0.0884
235800.19,AUR,0.1691,0.0895
237600.19,AUR,0.1677,0.0886
239400.19,AUR,0.1672,0.0894
241200.19,AUR,0.1679,0.0891
243000.19,AUR,0.1659,0.0885
244800.19,AUR,0.1657,0.0891
246600.19,AUR,0.1655,0.0893
