"file","genome","n_ribosomal_proteins","total_ribosomal_gene_len","n_reads_mapped","Filename","ReadCount","dataset","normalized_reads_per_kB_per_M"
"ERR3275122_1","10677_0019_idba_bin.218",40,17688,1059,"ERR3275122_1.fastq",132483373,"Adult",0.451914060568216
"ERR3275122_1","10677_0034_idba_bin.198",42,18354,428,"ERR3275122_1.fastq",132483373,"Adult",0.176015804518558
"ERR3275122_1","10676_0049_idba_bin.70",39,19470,2183,"ERR3275122_1.fastq",132483373,"Adult",0.84630402730773
"ERR3275122_1","10674_0009_idba_bin.117",37,20709,1078,"ERR3275122_1.fastq",132483373,"Adult",0.392914680879643
"ERR3275122_1","10678_0051_idba_bin.51",43,20247,1759,"ERR3275122_1.fastq",132483373,"Adult",0.655758275475336
"ERR3275122_1","10675_0017_idba_bin.63",18,10164,64,"ERR3275122_1.fastq",132483373,"Adult",0.0475284817020838
"ERR3275122_1","10674_0003_idba_bin.96",41,18645,77,"ERR3275122_1.fastq",132483373,"Adult",0.0311721646030592
"ERR3275122_1","10678_0024_idba_bin.135",41,17709,150,"ERR3275122_1.fastq",132483373,"Adult",0.063934584112419
"ERR3275122_1","10677_0023_idba_bin.239",41,18483,11,"ERR3275122_1.fastq",132483373,"Adult",0.00449219753305383
"ERR3275122_1","10677_0023_idba_bin.13",41,18111,68,"ERR3275122_1.fastq",132483373,"Adult",0.0283403432180017
"ERR3275122_1","10677_0019_idba_bin.37",23,9222,6,"ERR3275122_1.fastq",132483373,"Adult",0.00491094144457526
"ERR3275122_1","Megasphaera_elsdenii_2410",31,13602,13,"ERR3275122_1.fastq",132483373,"Adult",0.00721405094868831
"ERR3275122_1","10678_min2k_bin.2957",37,16101,53,"ERR3275122_1.fastq",132483373,"Adult",0.0248462953242995
"ERR3275122_1","10674_min2k_bin.1792",42,18066,30,"ERR3275122_1.fastq",132483373,"Adult",0.0125342361346931
"ERR3275122_1","10676_min2k_bin.2753",42,18609,61,"ERR3275122_1.fastq",132483373,"Adult",0.0247426050308476
"ERR3275122_1","Megasphaera_hexanoica_MH",42,17547,15,"ERR3275122_1.fastq",132483373,"Adult",0.00645248504044468
"ERR3275122_1","malmuthuge.34",41,17973,25,"ERR3275122_1.fastq",132483373,"Adult",0.0104992447008181
"ERR3275122_1","Pseudoramibacter_alactolyticus_ATCC23263",44,18396,12,"ERR3275122_1.fastq",132483373,"Adult",0.00492375538180834
"ERR3275122_1","Ruminococcaceae_CPB6",41,18129,16,"ERR3275122_1.fastq",132483373,"Adult",0.00666169518478653
"ERR3275122_1","malmuthuge.128",41,18225,13,"ERR3275122_1.fastq",132483373,"Adult",0.0053841163788235
"ERR3275122_1","10676_min2k_bin.3406",41,18084,25,"ERR3275122_1.fastq",132483373,"Adult",0.0104348000999671
"ERR3275122_1","malmuthuge.79",28,12450,27,"ERR3275122_1.fastq",132483373,"Adult",0.0163694103621228
"ERR3275122_1","10677_min2k_bin.4359",27,11229,11,"ERR3275122_1.fastq",132483373,"Adult",0.00739418354291869
"ERR3275122_1","10677_min2k_bin.3664",29,11922,4,"ERR3275122_1.fastq",132483373,"Adult",0.00253250025174037
"ERR3275122_1","10676_min2k_bin.3258",23,9531,14,"ERR3275122_1.fastq",132483373,"Adult",0.0110873610328791
"ERR3275122_1","malmuthuge.158",35,15363,9,"ERR3275122_1.fastq",132483373,"Adult",0.00442186116011259
"ERR3275122_1","malmuthuge.164",43,18489,35,"ERR3275122_1.fastq",132483373,"Adult",0.0142887173460396
"ERR3201416_1","10678_0051_idba_bin.51",43,20247,501,"ERR3201416_1.fastq",84525742,"Adult",0.29274403268477
"ERR3201416_1","10674_0009_idba_bin.117",37,20709,391,"ERR3201416_1.fastq",84525742,"Adult",0.223371950968843
"ERR3201416_1","10677_0019_idba_bin.218",40,17688,164,"ERR3201416_1.fastq",84525742,"Adult",0.109692295923986
"ERR3201416_1","10676_0049_idba_bin.70",39,19470,717,"ERR3201416_1.fastq",84525742,"Adult",0.435676577419792
"ERR3201416_1","10678_0024_idba_bin.135",41,17709,7,"ERR3201416_1.fastq",84525742,"Adult",0.0046764361624461
"ERR3201416_1","10677_0034_idba_bin.198",42,18354,62,"ERR3201416_1.fastq",84525742,"Adult",0.039964277900084
"ERR3201416_1","10675_0017_idba_bin.63",18,10164,37,"ERR3201416_1.fastq",84525742,"Adult",0.0430673426663862
"ERR3201416_1","malmuthuge.79",28,12450,5,"ERR3201416_1.fastq",84525742,"Adult",0.00475129133681916
"ERR3201416_1","10677_0019_idba_bin.37",23,9222,13,"ERR3201416_1.fastq",84525742,"Adult",0.0166774344581258
"ERR3201416_1","malmuthuge.128",41,18225,4,"ERR3201416_1.fastq",84525742,"Adult",0.00259659049189129
"ERR3201416_1","10678_min2k_bin.2957",37,16101,30,"ERR3201416_1.fastq",84525742,"Adult",0.0220434421998877
"ERR3201416_1","Ruminococcaceae_CPB6",41,18129,17,"ERR3201416_1.fastq",84525742,"Adult",0.0110939468413898
"ERR3201416_1","10674_min2k_bin.1792",42,18066,3,"ERR3201416_1.fastq",84525742,"Adult",0.00196458243584851
"ERR3201416_1","malmuthuge.34",41,17973,3,"ERR3201416_1.fastq",84525742,"Adult",0.00197474802682018
"ERR3201416_1","malmuthuge.164",43,18489,13,"ERR3201416_1.fastq",84525742,"Adult",0.00831842179527482
"ERR3201416_1","Pseudoramibacter_alactolyticus_ATCC23263",44,18396,2,"ERR3201416_1.fastq",84525742,"Adult",0.00128622694375731
"ERR3201416_1","10676_min2k_bin.3406",41,18084,5,"ERR3201416_1.fastq",84525742,"Adult",0.00327104496479753
"ERR3201416_1","10676_min2k_bin.3258",23,9531,5,"ERR3201416_1.fastq",84525742,"Adult",0.00620643973805461
"ERR3201416_1","10676_min2k_bin.2753",42,18609,5,"ERR3201416_1.fastq",84525742,"Adult",0.0031787617359019
"ERR3201416_1","Megasphaera_hexanoica_MH",42,17547,3,"ERR3201416_1.fastq",84525742,"Adult",0.00202269027674469
"ERR3201416_1","Megasphaera_elsdenii_2410",31,13602,1,"ERR3201416_1.fastq",84525742,"Adult",0.000869777637750309
"ERR3201416_1","10677_0023_idba_bin.13",41,18111,2,"ERR3201416_1.fastq",84525742,"Adult",0.00130646738762958
"ERR3201416_1","malmuthuge.158",35,15363,1,"ERR3201416_1.fastq",84525742,"Adult",0.000770078463104843
"ERR3201416_1","10677_min2k_bin.4359",27,11229,2,"ERR3201416_1.fastq",84525742,"Adult",0.00210717168557836
"ERR3201416_1","10677_0023_idba_bin.239",41,18483,1,"ERR3201416_1.fastq",84525742,"Adult",0.000640086318707986
"SRR5190275_1","Megasphaera_elsdenii_2410",31,13602,1006,"SRR5190275_1.fastq",20147392,"Calf",3.67093228776644
"SRR5190275_1","Megasphaera_hexanoica_MH",42,17547,683,"SRR5190275_1.fastq",20147392,"Calf",1.93196382927204
"SRR5190275_1","10674_0003_idba_bin.96",41,18645,394,"SRR5190275_1.fastq",20147392,"Calf",1.04885390075265
"SRR5190275_1","malmuthuge.128",41,18225,93,"SRR5190275_1.fastq",20147392,"Calf",0.253277479211017
"SRR5190275_1","malmuthuge.34",41,17973,275,"SRR5190275_1.fastq",20147392,"Calf",0.759439676911255
"SRR5190275_1","10677_0023_idba_bin.239",41,18483,60,"SRR5190275_1.fastq",20147392,"Calf",0.161123894446014
"SRR5190275_1","malmuthuge.158",35,15363,127,"SRR5190275_1.fastq",20147392,"Calf",0.410306931711254
"SRR5190275_1","malmuthuge.164",43,18489,56,"SRR5190275_1.fastq",20147392,"Calf",0.150333499827427
"SRR5190275_1","10675_0017_idba_bin.63",18,10164,2,"SRR5190275_1.fastq",20147392,"Calf",0.0097666697528718
"SRR5190275_1","10677_min2k_bin.3664",29,11922,2,"SRR5190275_1.fastq",20147392,"Calf",0.00832649147527168
"SRR5190275_1","10678_min2k_bin.2957",37,16101,1,"SRR5190275_1.fastq",20147392,"Calf",0.00308267906863515
"SRR5190275_1","malmuthuge.79",28,12450,1,"SRR5190275_1.fastq",20147392,"Calf",0.00398668399069032
"SRR5190275_1","10676_min2k_bin.3406",41,18084,9,"SRR5190275_1.fastq",20147392,"Calf",0.0247018326231393
"SRR5190275_1","10674_min2k_bin.1792",42,18066,3,"SRR5190275_1.fastq",20147392,"Calf",0.00824214807108843
"SRR5190275_1","10677_0023_idba_bin.13",41,18111,1,"SRR5190275_1.fastq",20147392,"Calf",0.00274055632952871
"ERR3201410_1","10678_0051_idba_bin.51",43,20247,440,"ERR3201410_1.fastq",77208255,"Adult",0.281467500595393
"ERR3201410_1","10677_0019_idba_bin.218",40,17688,206,"ERR3201410_1.fastq",77208255,"Adult",0.150842858514544
"ERR3201410_1","10676_0049_idba_bin.70",39,19470,1086,"ERR3201410_1.fastq",77208255,"Adult",0.722437259913462
"ERR3201410_1","malmuthuge.128",41,18225,2,"ERR3201410_1.fastq",77208255,"Adult",0.00142134243286069
"ERR3201410_1","10674_0009_idba_bin.117",37,20709,305,"ERR3201410_1.fastq",77208255,"Adult",0.190755458517076
"ERR3201410_1","10677_min2k_bin.4359",27,11229,4,"ERR3201410_1.fastq",77208255,"Adult",0.00461376183789937
"ERR3201410_1","Megasphaera_elsdenii_2410",31,13602,14,"ERR3201410_1.fastq",77208255,"Adult",0.0133309631577858
"ERR3201410_1","10675_0017_idba_bin.63",18,10164,21,"ERR3201410_1.fastq",77208255,"Adult",0.0267602952881054
"ERR3201410_1","10676_min2k_bin.2753",42,18609,10,"ERR3201410_1.fastq",77208255,"Adult",0.00696006390426299
"ERR3201410_1","Megasphaera_hexanoica_MH",42,17547,4,"ERR3201410_1.fastq",77208255,"Adult",0.00295252360390791
"ERR3201410_1","10678_min2k_bin.2957",37,16101,20,"ERR3201410_1.fastq",77208255,"Adult",0.0160884204949295
"ERR3201410_1","Ruminococcaceae_CPB6",41,18129,8,"ERR3201410_1.fastq",77208255,"Adult",0.00571547594216692
"ERR3201410_1","10678_0024_idba_bin.135",41,17709,9,"ERR3201410_1.fastq",77208255,"Adult",0.00658240704020481
"ERR3201410_1","10677_0034_idba_bin.198",42,18354,47,"ERR3201410_1.fastq",77208255,"Adult",0.033166786379744
"ERR3201410_1","10676_min2k_bin.3406",41,18084,6,"ERR3201410_1.fastq",77208255,"Adult",0.00429727369590013
"ERR3201410_1","malmuthuge.164",43,18489,13,"ERR3201410_1.fastq",77208255,"Adult",0.00910680826181833
"ERR3201410_1","malmuthuge.79",28,12450,6,"ERR3201410_1.fastq",77208255,"Adult",0.00624191947924964
"ERR3201410_1","10677_0023_idba_bin.13",41,18111,6,"ERR3201410_1.fastq",77208255,"Adult",0.00429086729151665
"ERR3201410_1","10677_0019_idba_bin.37",23,9222,12,"ERR3201410_1.fastq",77208255,"Adult",0.0168535887045452
"ERR3201410_1","10674_min2k_bin.1792",42,18066,8,"ERR3201410_1.fastq",77208255,"Adult",0.00573540702731894
"ERR3201410_1","10677_min2k_bin.3664",29,11922,1,"ERR3201410_1.fastq",77208255,"Adult",0.00108639346749228
"ERR3201410_1","malmuthuge.158",35,15363,1,"ERR3201410_1.fastq",77208255,"Adult",0.00084306339383213
"ERR3201410_1","malmuthuge.34",41,17973,1,"ERR3201410_1.fastq",77208255,"Adult",0.000720635559975686
"ERR3201410_1","10674_0003_idba_bin.96",41,18645,1,"ERR3201410_1.fastq",77208255,"Adult",0.000694662532552588
"SRR5190273_1","Megasphaera_elsdenii_2410",31,13602,2952,"SRR5190273_1.fastq",22574451,"Calf",9.61382882833675
"SRR5190273_1","Megasphaera_hexanoica_MH",42,17547,527,"SRR5190273_1.fastq",22574451,"Calf",1.33042544340535
"SRR5190273_1","10674_0003_idba_bin.96",41,18645,327,"SRR5190273_1.fastq",22574451,"Calf",0.776905449368004
"SRR5190273_1","10677_0023_idba_bin.13",41,18111,2,"SRR5190273_1.fastq",22574451,"Calf",0.00489181886807313
"SRR5190273_1","malmuthuge.158",35,15363,43,"SRR5190273_1.fastq",22574451,"Calf",0.123986736163051
"SRR5190273_1","10677_0023_idba_bin.239",41,18483,46,"SRR5190273_1.fastq",22574451,"Calf",0.11024735297043
"SRR5190273_1","malmuthuge.79",28,12450,8,"SRR5190273_1.fastq",22574451,"Calf",0.0284644920545132
"SRR5190273_1","malmuthuge.164",43,18489,27,"SRR5190273_1.fastq",22574451,"Calf",0.0646894031865205
"SRR5190273_1","malmuthuge.128",41,18225,11,"SRR5190273_1.fastq",22574451,"Calf",0.026736709100587
"SRR5190273_1","10674_min2k_bin.1792",42,18066,2,"SRR5190273_1.fastq",22574451,"Calf",0.00490400373738915
"SRR5190273_1","10677_0019_idba_bin.37",23,9222,2,"SRR5190273_1.fastq",22574451,"Calf",0.00960699756231538
"SRR5190273_1","10677_min2k_bin.3664",29,11922,4,"SRR5190273_1.fastq",22574451,"Calf",0.0148625619056656
"SRR5190273_1","10676_min2k_bin.3406",41,18084,5,"SRR5190273_1.fastq",22574451,"Calf",0.0122478062817508
"SRR5190273_1","10678_0024_idba_bin.135",41,17709,2,"SRR5190273_1.fastq",22574451,"Calf",0.00500286473090928
"SRR5190273_1","10677_0034_idba_bin.198",42,18354,3,"SRR5190273_1.fastq",22574451,"Calf",0.00724057956192157
"ERR3275123_1","10677_0019_idba_bin.218",40,17688,99,"ERR3275123_1.fastq",135618561,"Adult",0.0412702721817933
"ERR3275123_1","10674_0009_idba_bin.117",37,20709,678,"ERR3275123_1.fastq",135618561,"Adult",0.241407875368859
"ERR3275123_1","10676_0049_idba_bin.70",39,19470,861,"ERR3275123_1.fastq",135618561,"Adult",0.326075424256272
"ERR3275123_1","10678_0051_idba_bin.51",43,20247,513,"ERR3275123_1.fastq",135618561,"Adult",0.186826101007282
"ERR3275123_1","10677_0034_idba_bin.198",42,18354,95,"ERR3275123_1.fastq",135618561,"Adult",0.0381657451508647
"ERR3275123_1","10678_0024_idba_bin.135",41,17709,16,"ERR3275123_1.fastq",135618561,"Adult",0.00666203350897019
"ERR3275123_1","10675_0017_idba_bin.63",18,10164,18,"ERR3275123_1.fastq",135618561,"Adult",0.0130583623904612
"ERR3275123_1","10677_0023_idba_bin.13",41,18111,23,"ERR3275123_1.fastq",135618561,"Adult",0.00936410497224794
"ERR3275123_1","10677_0019_idba_bin.37",23,9222,60,"ERR3275123_1.fastq",135618561,"Adult",0.04797411817272
"ERR3275123_1","malmuthuge.128",41,18225,9,"ERR3275123_1.fastq",135618561,"Adult",0.00364129479661583
"ERR3275123_1","Ruminococcaceae_CPB6",41,18129,8,"ERR3275123_1.fastq",135618561,"Adult",0.00325384608666647
"ERR3275123_1","10674_min2k_bin.1792",42,18066,9,"ERR3275123_1.fastq",135618561,"Adult",0.00367334206068436
"ERR3275123_1","10678_min2k_bin.2957",37,16101,23,"ERR3275123_1.fastq",135618561,"Adult",0.0105330914323572
"ERR3275123_1","10677_min2k_bin.4359",27,11229,4,"ERR3275123_1.fastq",135618561,"Adult",0.00262663530613485
"ERR3275123_1","Megasphaera_elsdenii_2410",31,13602,7,"ERR3275123_1.fastq",135618561,"Adult",0.0037946885562439
"ERR3275123_1","10676_min2k_bin.2753",42,18609,12,"ERR3275123_1.fastq",135618561,"Adult",0.0047548747142654
"ERR3275123_1","Pseudoramibacter_alactolyticus_ATCC23263",44,18396,4,"ERR3275123_1.fastq",135618561,"Adult",0.00160330984195413
"ERR3275123_1","10674_0003_idba_bin.96",41,18645,30,"ERR3275123_1.fastq",135618561,"Adult",0.0118642348562302
"ERR3275123_1","10677_0023_idba_bin.239",41,18483,3,"ERR3275123_1.fastq",135618561,"Adult",0.00119682226313051
"ERR3275123_1","malmuthuge.79",28,12450,10,"ERR3275123_1.fastq",135618561,"Adult",0.00592258792220648
"ERR3275123_1","malmuthuge.34",41,17973,4,"ERR3275123_1.fastq",135618561,"Adult",0.00164104422481435
"ERR3275123_1","malmuthuge.164",43,18489,19,"ERR3275123_1.fastq",135618561,"Adult",0.00757741453295442
"ERR3275123_1","10676_min2k_bin.3406",41,18084,9,"ERR3275123_1.fastq",135618561,"Adult",0.00366968578126098
"ERR3275123_1","10676_min2k_bin.3258",23,9531,3,"ERR3275123_1.fastq",135618561,"Adult",0.00232093860974097
"ERR3275123_1","malmuthuge.158",35,15363,4,"ERR3275123_1.fastq",135618561,"Adult",0.00191983908433172
"ERR3275123_1","Megasphaera_hexanoica_MH",42,17547,1,"ERR3275123_1.fastq",135618561,"Adult",0.000420221232298801
"ERR3201414_1","10678_0051_idba_bin.51",43,20247,132,"ERR3201414_1.fastq",56313694,"Adult",0.115770852610992
"ERR3201414_1","10674_0009_idba_bin.117",37,20709,185,"ERR3201414_1.fastq",56313694,"Adult",0.15863484320634
"ERR3201414_1","10676_0049_idba_bin.70",39,19470,164,"ERR3201414_1.fastq",56313694,"Adult",0.149576676729398
"ERR3201414_1","10677_0019_idba_bin.37",23,9222,3,"ERR3201414_1.fastq",56313694,"Adult",0.00577673067569341
"ERR3201414_1","malmuthuge.79",28,12450,3,"ERR3201414_1.fastq",56313694,"Adult",0.00427895664989917
"ERR3201414_1","10678_min2k_bin.2957",37,16101,13,"ERR3201414_1.fastq",56313694,"Adult",0.0143376008485225
"ERR3201414_1","10675_0017_idba_bin.63",18,10164,10,"ERR3201414_1.fastq",56313694,"Adult",0.0174711433462038
"ERR3201414_1","10677_0034_idba_bin.198",42,18354,18,"ERR3201414_1.fastq",56313694,"Adult",0.017415171719923
"ERR3201414_1","10677_0019_idba_bin.218",40,17688,52,"ERR3201414_1.fastq",56313694,"Adult",0.052204819371791
"ERR3201414_1","10677_0023_idba_bin.13",41,18111,3,"ERR3201414_1.fastq",56313694,"Adult",0.00294147260180247
"ERR3201414_1","10676_min2k_bin.3258",23,9531,1,"ERR3201414_1.fastq",56313694,"Adult",0.00186314868293794
"ERR3201414_1","10678_0024_idba_bin.135",41,17709,3,"ERR3201414_1.fastq",56313694,"Adult",0.00300824497663587
"ERR3201414_1","10674_min2k_bin.1792",42,18066,3,"ERR3201414_1.fastq",56313694,"Adult",0.00294879941831311
"ERR3201414_1","Ruminococcaceae_CPB6",41,18129,8,"ERR3201414_1.fastq",56313694,"Adult",0.00783613882600542
"ERR3201414_1","malmuthuge.158",35,15363,1,"ERR3201414_1.fastq",56313694,"Adult",0.00115587255725324
"ERR3201414_1","10676_min2k_bin.3406",41,18084,1,"ERR3201414_1.fastq",56313694,"Adult",0.000981954772012914
"ERR3201414_1","Megasphaera_hexanoica_MH",42,17547,2,"ERR3201414_1.fastq",56313694,"Adult",0.00202401209290267
"ERR3201414_1","malmuthuge.34",41,17973,5,"ERR3201414_1.fastq",56313694,"Adult",0.00494009628250196
"ERR3201414_1","10677_0023_idba_bin.239",41,18483,1,"ERR3201414_1.fastq",56313694,"Adult",0.000960756917009227
"ERR3201414_1","10676_min2k_bin.2753",42,18609,2,"ERR3201414_1.fastq",56313694,"Adult",0.00190850342276119
"ERR3201414_1","10677_min2k_bin.3664",29,11922,1,"ERR3201414_1.fastq",56313694,"Adult",0.00148948751024002
"ERR3201414_1","malmuthuge.128",41,18225,1,"ERR3201414_1.fastq",56313694,"Adult",0.000974357755669769
"ERR3201414_1","malmuthuge.164",43,18489,2,"ERR3201414_1.fastq",56313694,"Adult",0.00192089026957451
"ERR3201414_1","10674_0003_idba_bin.96",41,18645,1,"ERR3201414_1.fastq",56313694,"Adult",0.000952409230200136
"SRR5190267_1","Megasphaera_elsdenii_2410",31,13602,26,"SRR5190267_1.fastq",22982778,"Calf",0.0831702592851114
"SRR5190267_1","Megasphaera_hexanoica_MH",42,17547,12,"SRR5190267_1.fastq",22982778,"Calf",0.0297560889250256
"SRR5190267_1","malmuthuge.79",28,12450,1,"SRR5190267_1.fastq",22982778,"Calf",0.003494846669126
"SRR5190281_1","10674_0003_idba_bin.96",41,18645,579,"SRR5190281_1.fastq",22429806,"Calf",1.38449266348367
"SRR5190281_1","Megasphaera_elsdenii_2410",31,13602,1060,"SRR5190281_1.fastq",22429806,"Calf",3.47438208864594
"SRR5190281_1","10678_0024_idba_bin.135",41,17709,108,"SRR5190281_1.fastq",22429806,"Calf",0.271896865059249
"SRR5190281_1","Megasphaera_hexanoica_MH",42,17547,248,"SRR5190281_1.fastq",22429806,"Calf",0.630120033532636
"SRR5190281_1","malmuthuge.128",41,18225,997,"SRR5190281_1.fastq",22429806,"Calf",2.43894554619938
"SRR5190281_1","malmuthuge.164",43,18489,57,"SRR5190281_1.fastq",22429806,"Calf",0.137447205971344
"SRR5190281_1","malmuthuge.34",41,17973,151,"SRR5190281_1.fastq",22429806,"Calf",0.374568158350422
"SRR5190281_1","10677_0023_idba_bin.239",41,18483,89,"SRR5190281_1.fastq",22429806,"Calf",0.2146802171148
"SRR5190281_1","malmuthuge.158",35,15363,98,"SRR5190281_1.fastq",22429806,"Calf",0.284396683690948
"SRR5190281_1","10675_0017_idba_bin.63",18,10164,6,"SRR5190281_1.fastq",22429806,"Calf",0.0263184965637667
"SRR5190281_1","10677_min2k_bin.3664",29,11922,4,"SRR5190281_1.fastq",22429806,"Calf",0.014958407374273
"SRR5190281_1","10674_min2k_bin.1792",42,18066,9,"SRR5190281_1.fastq",22429806,"Calf",0.0222103287175461
"SRR5190281_1","10677_0023_idba_bin.13",41,18111,2,"SRR5190281_1.fastq",22429806,"Calf",0.00492336515697872
"SRR5190281_1","10676_min2k_bin.3406",41,18084,2,"SRR5190281_1.fastq",22429806,"Calf",0.00493071590124097
"SRR5190281_1","10678_0051_idba_bin.51",43,20247,2,"SRR5190281_1.fastq",22429806,"Calf",0.0044039643580798
"SRR5190281_1","10676_min2k_bin.2753",42,18609,3,"SRR5190281_1.fastq",22429806,"Calf",0.00718741466693871
"SRR5190281_1","10678_min2k_bin.2957",37,16101,5,"SRR5190281_1.fastq",22429806,"Calf",0.0138449578221914
"SRR5190281_1","10677_min2k_bin.4359",27,11229,1,"SRR5190281_1.fastq",22429806,"Calf",0.00397039212565863
"ERR3201418_1","10678_0051_idba_bin.51",43,20247,1006,"ERR3201418_1.fastq",97737394,"Adult",0.508366053732414
"ERR3201418_1","10677_0019_idba_bin.218",40,17688,1895,"ERR3201418_1.fastq",97737394,"Adult",1.09614934732395
"ERR3201418_1","10676_0049_idba_bin.70",39,19470,1807,"ERR3201418_1.fastq",97737394,"Adult",0.949579752827961
"ERR3201418_1","10677_0034_idba_bin.198",42,18354,265,"ERR3201418_1.fastq",97737394,"Adult",0.147725133606601
"ERR3201418_1","10674_0009_idba_bin.117",37,20709,895,"ERR3201418_1.fastq",97737394,"Adult",0.44218413040414
"ERR3201418_1","10675_0017_idba_bin.63",18,10164,80,"ERR3201418_1.fastq",97737394,"Adult",0.0805312750800994
"ERR3201418_1","10678_min2k_bin.2957",37,16101,85,"ERR3201418_1.fastq",97737394,"Adult",0.0540138732009666
"ERR3201418_1","Pseudoramibacter_alactolyticus_ATCC23263",44,18396,4,"ERR3201418_1.fastq",97737394,"Adult",0.0022247224394274
"ERR3201418_1","malmuthuge.79",28,12450,20,"ERR3201418_1.fastq",97737394,"Adult",0.0164361421669504
"ERR3201418_1","10676_min2k_bin.2753",42,18609,25,"ERR3201418_1.fastq",97737394,"Adult",0.0137453631293012
"ERR3201418_1","10674_min2k_bin.1792",42,18066,20,"ERR3201418_1.fastq",97737394,"Adult",0.0113268000652348
"ERR3201418_1","10676_min2k_bin.3406",41,18084,18,"ERR3201418_1.fastq",97737394,"Adult",0.0101839732902388
"ERR3201418_1","Megasphaera_hexanoica_MH",42,17547,12,"ERR3201418_1.fastq",97737394,"Adult",0.00699709249370944
"ERR3201418_1","10677_0023_idba_bin.13",41,18111,12,"ERR3201418_1.fastq",97737394,"Adult",0.00677919396980396
"ERR3201418_1","Megasphaera_elsdenii_2410",31,13602,5,"ERR3201418_1.fastq",97737394,"Adult",0.00376102723824681
"ERR3201418_1","Ruminococcaceae_CPB6",41,18129,8,"ERR3201418_1.fastq",97737394,"Adult",0.00451497534289884
"ERR3201418_1","malmuthuge.164",43,18489,24,"ERR3201418_1.fastq",97737394,"Adult",0.0132811922750954
"ERR3201418_1","10677_min2k_bin.3664",29,11922,2,"ERR3201418_1.fastq",97737394,"Adult",0.00171640639136498
"ERR3201418_1","malmuthuge.34",41,17973,13,"ERR3201418_1.fastq",97737394,"Adult",0.00740051635709376
"ERR3201418_1","10678_0024_idba_bin.135",41,17709,28,"ERR3201418_1.fastq",97737394,"Adult",0.016177195661525
"ERR3201418_1","malmuthuge.128",41,18225,1,"ERR3201418_1.fastq",97737394,"Adult",0.00056139909459131
"ERR3201418_1","10677_min2k_bin.4359",27,11229,3,"ERR3201418_1.fastq",97737394,"Adult",0.00273350213703623
"ERR3201418_1","10674_0003_idba_bin.96",41,18645,10,"ERR3201418_1.fastq",97737394,"Adult",0.00548752936386518
"ERR3201418_1","10676_min2k_bin.3258",23,9531,7,"ERR3201418_1.fastq",97737394,"Adult",0.00751447796584686
"ERR3201418_1","10677_0019_idba_bin.37",23,9222,4,"ERR3201418_1.fastq",97737394,"Adult",0.00443786532159038
"ERR3201418_1","malmuthuge.158",35,15363,1,"ERR3201418_1.fastq",97737394,"Adult",0.000665983108697951
"SRR5190284_1","10674_0003_idba_bin.96",41,18645,722,"SRR5190284_1.fastq",16606854,"Calf",2.33177929844726
"SRR5190284_1","malmuthuge.128",41,18225,2046,"SRR5190284_1.fastq",16606854,"Calf",6.76006271179338
"SRR5190284_1","Megasphaera_elsdenii_2410",31,13602,1121,"SRR5190284_1.fastq",16606854,"Calf",4.96267088460946
"SRR5190284_1","Megasphaera_hexanoica_MH",42,17547,214,"SRR5190284_1.fastq",16606854,"Calf",0.734384546812188
"SRR5190284_1","malmuthuge.164",43,18489,80,"SRR5190284_1.fastq",16606854,"Calf",0.260548871805331
"SRR5190284_1","malmuthuge.158",35,15363,279,"SRR5190284_1.fastq",16606854,"Calf",1.09355543947768
"SRR5190284_1","10677_0023_idba_bin.239",41,18483,105,"SRR5190284_1.fastq",16606854,"Calf",0.342081405571959
"SRR5190284_1","malmuthuge.79",28,12450,6,"SRR5190284_1.fastq",16606854,"Calf",0.0290198077759565
"SRR5190284_1","10674_min2k_bin.1792",42,18066,38,"SRR5190284_1.fastq",16606854,"Calf",0.126658465799522
"SRR5190284_1","10676_min2k_bin.2753",42,18609,2,"SRR5190284_1.fastq",16606854,"Calf",0.00647171810791656
"SRR5190284_1","malmuthuge.34",41,17973,150,"SRR5190284_1.fastq",16606854,"Calf",0.502554674804787
"SRR5190284_1","10678_0024_idba_bin.135",41,17709,48,"SRR5190284_1.fastq",16606854,"Calf",0.163214910750763
"SRR5190284_1","10677_0023_idba_bin.13",41,18111,2,"SRR5190284_1.fastq",16606854,"Calf",0.00664967159572742
"SRR5190284_1","10676_0049_idba_bin.70",39,19470,4,"SRR5190284_1.fastq",16606854,"Calf",0.0123710531351021
"SRR5190284_1","10678_0051_idba_bin.51",43,20247,2,"SRR5190284_1.fastq",16606854,"Calf",0.00594815045538693
"SRR5190284_1","10676_min2k_bin.3406",41,18084,3,"SRR5190284_1.fastq",16606854,"Calf",0.00998939965745017
"SRR5190284_1","10677_min2k_bin.3664",29,11922,1,"SRR5190284_1.fastq",16606854,"Calf",0.00505083888065003
"ERR3201415_1","10677_0019_idba_bin.218",40,17688,762,"ERR3201415_1.fastq",75825046,"Adult",0.568150717298399
"ERR3201415_1","10674_0009_idba_bin.117",37,20709,468,"ERR3201415_1.fastq",75825046,"Adult",0.298039648488933
"ERR3201415_1","10678_0051_idba_bin.51",43,20247,641,"ERR3201415_1.fastq",75825046,"Adult",0.417527095354977
"ERR3201415_1","10676_0049_idba_bin.70",39,19470,631,"ERR3201415_1.fastq",75825046,"Adult",0.427415950446629
"ERR3201415_1","malmuthuge.34",41,17973,8,"ERR3201415_1.fastq",75825046,"Adult",0.00587025179797932
"ERR3201415_1","10675_0017_idba_bin.63",18,10164,25,"ERR3201415_1.fastq",75825046,"Adult",0.0324386423790714
"ERR3201415_1","10677_0034_idba_bin.198",42,18354,74,"ERR3201415_1.fastq",75825046,"Adult",0.0531726505926235
"ERR3201415_1","10678_min2k_bin.2957",37,16101,47,"ERR3201415_1.fastq",75825046,"Adult",0.0384974820784335
"ERR3201415_1","malmuthuge.164",43,18489,10,"ERR3201415_1.fastq",75825046,"Adult",0.0071330274463926
"ERR3201415_1","malmuthuge.79",28,12450,5,"ERR3201415_1.fastq",75825046,"Adult",0.0052964877291708
"ERR3201415_1","malmuthuge.128",41,18225,4,"ERR3201415_1.fastq",75825046,"Adult",0.00289454144211474
"ERR3201415_1","10677_0023_idba_bin.13",41,18111,7,"ERR3201415_1.fastq",75825046,"Adult",0.00509733206998217
"ERR3201415_1","10676_min2k_bin.2753",42,18609,13,"ERR3201415_1.fastq",75825046,"Adult",0.00921313922259437
"ERR3201415_1","Ruminococcaceae_CPB6",41,18129,8,"ERR3201415_1.fastq",75825046,"Adult",0.00581973829582891
"ERR3201415_1","10676_min2k_bin.3258",23,9531,6,"ERR3201415_1.fastq",75825046,"Adult",0.00830233204005998
"ERR3201415_1","10676_min2k_bin.3406",41,18084,11,"ERR3201415_1.fastq",75825046,"Adult",0.00802205258250321
"ERR3201415_1","10677_0023_idba_bin.239",41,18483,2,"ERR3201415_1.fastq",75825046,"Adult",0.001427068597699
"ERR3201415_1","10678_0024_idba_bin.135",41,17709,9,"ERR3201415_1.fastq",75825046,"Adult",0.00670248404826459
"ERR3201415_1","malmuthuge.158",35,15363,4,"ERR3201415_1.fastq",75825046,"Adult",0.00343377060356318
"ERR3201415_1","10677_min2k_bin.4359",27,11229,1,"ERR3201415_1.fastq",75825046,"Adult",0.00117448164980277
"ERR3201415_1","Megasphaera_hexanoica_MH",42,17547,4,"ERR3201415_1.fastq",75825046,"Adult",0.00300638387089196
"ERR3201415_1","10674_min2k_bin.1792",42,18066,5,"ERR3201415_1.fastq",75825046,"Adult",0.00365002060379588
"ERR3201415_1","10677_0019_idba_bin.37",23,9222,1,"ERR3201415_1.fastq",75825046,"Adult",0.00143008614678327
"ERR3201415_1","10674_0003_idba_bin.96",41,18645,1,"ERR3201415_1.fastq",75825046,"Adult",0.000707334644442761
"ERR3201415_1","10677_min2k_bin.3664",29,11922,1,"ERR3201415_1.fastq",75825046,"Adult",0.00110621157906687
"ERR3201415_1","Megasphaera_elsdenii_2410",31,13602,1,"ERR3201415_1.fastq",75825046,"Adult",0.000969582006001712
"SRR5190283_1","10678_0024_idba_bin.135",41,17709,4546,"SRR5190283_1.fastq",22680739,"Calf",11.3182215934718
"SRR5190283_1","malmuthuge.128",41,18225,5124,"SRR5190283_1.fastq",22680739,"Calf",12.3960803646868
"SRR5190283_1","malmuthuge.158",35,15363,389,"SRR5190283_1.fastq",22680739,"Calf",1.11639111090908
"SRR5190283_1","10674_0003_idba_bin.96",41,18645,1132,"SRR5190283_1.fastq",22680739,"Calf",2.67686727359127
"SRR5190283_1","10677_0023_idba_bin.239",41,18483,175,"SRR5190283_1.fastq",22680739,"Calf",0.417453766861264
"SRR5190283_1","malmuthuge.34",41,17973,180,"SRR5190283_1.fastq",22680739,"Calf",0.441565088941798
"SRR5190283_1","Megasphaera_elsdenii_2410",31,13602,525,"SRR5190283_1.fastq",22680739,"Calf",1.70176399931556
"SRR5190283_1","10675_0017_idba_bin.63",18,10164,6,"SRR5190283_1.fastq",22680739,"Calf",0.0260273164880983
"SRR5190283_1","10674_min2k_bin.1792",42,18066,162,"SRR5190283_1.fastq",22680739,"Calf",0.395362803564477
"SRR5190283_1","malmuthuge.164",43,18489,61,"SRR5190283_1.fastq",22680739,"Calf",0.145465234570888
"SRR5190283_1","Megasphaera_hexanoica_MH",42,17547,60,"SRR5190283_1.fastq",22680739,"Calf",0.150761751174008
"SRR5190283_1","10676_min2k_bin.2753",42,18609,3,"SRR5190283_1.fastq",22680739,"Calf",0.00710789523308697
"SRR5190283_1","10678_0051_idba_bin.51",43,20247,3,"SRR5190283_1.fastq",22680739,"Calf",0.00653286029498274
"SRR5190283_1","10676_0049_idba_bin.70",39,19470,5,"SRR5190283_1.fastq",22680739,"Calf",0.0113226179072518
"SRR5190283_1","10678_min2k_bin.2957",37,16101,2,"SRR5190283_1.fastq",22680739,"Calf",0.00547671251858127
"SRR5190283_1","malmuthuge.79",28,12450,1,"SRR5190283_1.fastq",22680739,"Calf",0.00354138748038863
"SRR5190283_1","10676_min2k_bin.3406",41,18084,3,"SRR5190283_1.fastq",22680739,"Calf",0.00731424587439259
"SRR5190283_1","10677_min2k_bin.3664",29,11922,3,"SRR5190283_1.fastq",22680739,"Calf",0.0110946839785703
"SRR5190283_1","10677_0023_idba_bin.13",41,18111,1,"SRR5190283_1.fastq",22680739,"Calf",0.00243444724923188
"SRR5190272_1","Megasphaera_elsdenii_2410",31,13602,789,"SRR5190272_1.fastq",11624819,"Calf",4.98985623452867
"SRR5190272_1","Megasphaera_hexanoica_MH",42,17547,330,"SRR5190272_1.fastq",11624819,"Calf",1.61780012338974
"SRR5190272_1","malmuthuge.164",43,18489,26,"SRR5190272_1.fastq",11624819,"Calf",0.120968898442991
"SRR5190272_1","malmuthuge.128",41,18225,5,"SRR5190272_1.fastq",11624819,"Calf",0.023600231753851
"SRR5190272_1","10678_0051_idba_bin.51",43,20247,1,"SRR5190272_1.fastq",11624819,"Calf",0.00424867114845592
"SRR5190272_1","10676_min2k_bin.3406",41,18084,5,"SRR5190272_1.fastq",11624819,"Calf",0.0237842415236637
"SRR5190272_1","10678_0024_idba_bin.135",41,17709,5,"SRR5190272_1.fastq",11624819,"Calf",0.0242878888539124
"SRR5190272_1","malmuthuge.158",35,15363,1,"SRR5190272_1.fastq",11624819,"Calf",0.00559935199783811
"SRR5190272_1","10674_min2k_bin.1792",42,18066,1,"SRR5190272_1.fastq",11624819,"Calf",0.0047615877749799
"ERR3201412_1","10678_0024_idba_bin.135",41,17709,2368,"ERR3201412_1.fastq",58716856,"Adult",2.27732422998614
"ERR3201412_1","10678_0051_idba_bin.51",43,20247,65,"ERR3201412_1.fastq",58716856,"Adult",0.0546751370839055
"ERR3201412_1","10677_0023_idba_bin.239",41,18483,125,"ERR3201412_1.fastq",58716856,"Adult",0.115179385270647
"ERR3201412_1","10677_0023_idba_bin.13",41,18111,107,"ERR3201412_1.fastq",58716856,"Adult",0.100618665713186
"ERR3201412_1","10677_0019_idba_bin.218",40,17688,577,"ERR3201412_1.fastq",58716856,"Adult",0.555564248521667
"ERR3201412_1","10674_0003_idba_bin.96",41,18645,1387,"ERR3201412_1.fastq",58716856,"Adult",1.26692609133897
"ERR3201412_1","malmuthuge.128",41,18225,121,"ERR3201412_1.fastq",58716856,"Adult",0.113071991191371
"ERR3201412_1","malmuthuge.158",35,15363,131,"ERR3201412_1.fastq",58716856,"Adult",0.145222019507865
"ERR3201412_1","10675_0017_idba_bin.63",18,10164,28,"ERR3201412_1.fastq",58716856,"Adult",0.0469170375307411
"ERR3201412_1","10674_0009_idba_bin.117",37,20709,103,"ERR3201412_1.fastq",58716856,"Adult",0.0847062203021332
"ERR3201412_1","10676_min2k_bin.2753",42,18609,24,"ERR3201412_1.fastq",58716856,"Adult",0.0219647069142789
"ERR3201412_1","10677_0034_idba_bin.198",42,18354,43,"ERR3201412_1.fastq",58716856,"Adult",0.0399001873606482
"ERR3201412_1","Megasphaera_hexanoica_MH",42,17547,55,"ERR3201412_1.fastq",58716856,"Adult",0.0533822678692224
"ERR3201412_1","10678_min2k_bin.2957",37,16101,9,"ERR3201412_1.fastq",58716856,"Adult",0.00951977899589659
"ERR3201412_1","10674_min2k_bin.1792",42,18066,57,"ERR3201412_1.fastq",58716856,"Adult",0.053734109573152
"ERR3201412_1","10676_min2k_bin.3406",41,18084,34,"ERR3201412_1.fastq",58716856,"Adult",0.0320200219644109
"ERR3201412_1","malmuthuge.34",41,17973,60,"ERR3201412_1.fastq",58716856,"Adult",0.0568548977588349
"ERR3201412_1","malmuthuge.79",28,12450,5,"ERR3201412_1.fastq",58716856,"Adult",0.00683971270026466
"ERR3201412_1","malmuthuge.164",43,18489,9,"ERR3201412_1.fastq",58716856,"Adult",0.00829022454502304
"ERR3201412_1","10677_min2k_bin.3664",29,11922,25,"ERR3201412_1.fastq",58716856,"Adult",0.0357131450756144
"ERR3201412_1","10676_0049_idba_bin.70",39,19470,11,"ERR3201412_1.fastq",58716856,"Adult",0.00962196871393164
"ERR3201412_1","Pseudoramibacter_alactolyticus_ATCC23263",44,18396,5,"ERR3201412_1.fastq",58716856,"Adult",0.00462896407470619
"ERR3201412_1","10676_min2k_bin.3258",23,9531,7,"ERR3201412_1.fastq",58716856,"Adult",0.0125082564647585
"ERR3201412_1","Megasphaera_elsdenii_2410",31,13602,1,"ERR3201412_1.fastq",58716856,"Adult",0.00125208679779878
"SRR5190280_1","malmuthuge.128",41,18225,1904,"SRR5190280_1.fastq",18452359,"Calf",5.66170858082124
"SRR5190280_1","malmuthuge.34",41,17973,255,"SRR5190280_1.fastq",18452359,"Calf",0.768896193139912
"SRR5190280_1","10674_0003_idba_bin.96",41,18645,986,"SRR5190280_1.fastq",18452359,"Calf",2.86591055403454
"SRR5190280_1","Megasphaera_elsdenii_2410",31,13602,1184,"SRR5190280_1.fastq",18452359,"Calf",4.71733845215828
"SRR5190280_1","malmuthuge.158",35,15363,195,"SRR5190280_1.fastq",18452359,"Calf",0.687870501054663
"SRR5190280_1","10678_0024_idba_bin.135",41,17709,484,"SRR5190280_1.fastq",18452359,"Calf",1.48115131426094
"SRR5190280_1","10677_0023_idba_bin.13",41,18111,1156,"SRR5190280_1.fastq",18452359,"Calf",3.45910311226197
"SRR5190280_1","Megasphaera_hexanoica_MH",42,17547,319,"SRR5190280_1.fastq",18452359,"Calf",0.985226107160458
"SRR5190280_1","10677_0023_idba_bin.239",41,18483,153,"SRR5190280_1.fastq",18452359,"Calf",0.448608059707958
"SRR5190280_1","malmuthuge.164",43,18489,35,"SRR5190280_1.fastq",18452359,"Calf",0.102589455898129
"SRR5190280_1","10674_min2k_bin.1792",42,18066,39,"SRR5190280_1.fastq",18452359,"Calf",0.116990529256092
"SRR5190280_1","10677_min2k_bin.3664",29,11922,2,"SRR5190280_1.fastq",18452359,"Calf",0.00909136266734009
"SRR5190280_1","10676_min2k_bin.3406",41,18084,5,"SRR5190280_1.fastq",18452359,"Calf",0.0149838566854718
"SRR5190280_1","10678_0051_idba_bin.51",43,20247,1,"SRR5190280_1.fastq",18452359,"Calf",0.00267662433249441
"SRR5190280_1","10676_0049_idba_bin.70",39,19470,1,"SRR5190280_1.fastq",18452359,"Calf",0.00278344185208086
"SRR5190280_1","10675_0017_idba_bin.63",18,10164,4,"SRR5190280_1.fastq",18452359,"Calf",0.021327671334126
"SRR5190280_1","10676_min2k_bin.2753",42,18609,1,"SRR5190280_1.fastq",18452359,"Calf",0.00291222595840799
"SRR5190277_1","malmuthuge.128",41,18225,1435,"SRR5190277_1.fastq",21481189,"Calf",3.66543943431231
"SRR5190277_1","10674_0003_idba_bin.96",41,18645,1242,"SRR5190277_1.fastq",21481189,"Calf",3.10099375712929
"SRR5190277_1","10678_0024_idba_bin.135",41,17709,295,"SRR5190277_1.fastq",21481189,"Calf",0.775478321861611
"SRR5190277_1","malmuthuge.158",35,15363,325,"SRR5190277_1.fastq",21481189,"Calf",0.984802209270207
"SRR5190277_1","malmuthuge.34",41,17973,141,"SRR5190277_1.fastq",21481189,"Calf",0.365207949374243
"SRR5190277_1","Megasphaera_elsdenii_2410",31,13602,1248,"SRR5190277_1.fastq",21481189,"Calf",4.27123531462357
"SRR5190277_1","Megasphaera_hexanoica_MH",42,17547,472,"SRR5190277_1.fastq",21481189,"Calf",1.25222049142051
"SRR5190277_1","10677_0023_idba_bin.239",41,18483,201,"SRR5190277_1.fastq",21481189,"Calf",0.506250281471898
"SRR5190277_1","malmuthuge.79",28,12450,3,"SRR5190277_1.fastq",21481189,"Calf",0.0112174356559912
"SRR5190277_1","malmuthuge.164",43,18489,78,"SRR5190277_1.fastq",21481189,"Calf",0.196391579958049
"SRR5190277_1","10678_0051_idba_bin.51",43,20247,1,"SRR5190277_1.fastq",21481189,"Calf",0.00229922250073412
"SRR5190277_1","10676_min2k_bin.2753",42,18609,1,"SRR5190277_1.fastq",21481189,"Calf",0.00250160449096478
"SRR5190277_1","10674_min2k_bin.1792",42,18066,16,"SRR5190277_1.fastq",21481189,"Calf",0.0412287018464418
"SRR5190277_1","10675_0017_idba_bin.63",18,10164,3,"SRR5190277_1.fastq",21481189,"Calf",0.0137403653991628
"SRR5190277_1","10677_0023_idba_bin.13",41,18111,5,"SRR5190277_1.fastq",21481189,"Calf",0.0128519568141913
"SRR5190277_1","10676_0049_idba_bin.70",39,19470,3,"SRR5190277_1.fastq",21481189,"Calf",0.00717293651346127
"SRR5190277_1","10677_min2k_bin.3664",29,11922,1,"SRR5190277_1.fastq",21481189,"Calf",0.00390474400036601
"SRR5190277_1","10678_min2k_bin.2957",37,16101,1,"SRR5190277_1.fastq",21481189,"Calf",0.00289127122367329
"ERR3275125_1","10674_0009_idba_bin.117",37,20709,2127,"ERR3275125_1.fastq",128523824,"Adult",0.799143411074874
"ERR3275125_1","10677_0019_idba_bin.218",40,17688,993,"ERR3275125_1.fastq",128523824,"Adult",0.436804275031697
"ERR3275125_1","10678_0051_idba_bin.51",43,20247,1911,"ERR3275125_1.fastq",128523824,"Adult",0.734372432285524
"ERR3275125_1","10677_0034_idba_bin.198",42,18354,700,"ERR3275125_1.fastq",128523824,"Adult",0.296745180287975
"ERR3275125_1","10676_0049_idba_bin.70",39,19470,1937,"ERR3275125_1.fastq",128523824,"Adult",0.774069633322595
"ERR3275125_1","10674_0003_idba_bin.96",41,18645,208,"ERR3275125_1.fastq",128523824,"Adult",0.0867995169990533
"ERR3275125_1","10678_0024_idba_bin.135",41,17709,249,"ERR3275125_1.fastq",128523824,"Adult",0.109401095384298
"ERR3275125_1","10675_0017_idba_bin.63",18,10164,73,"ERR3275125_1.fastq",128523824,"Adult",0.0558823376408896
"ERR3275125_1","10678_min2k_bin.2957",37,16101,84,"ERR3275125_1.fastq",128523824,"Adult",0.0405922194075312
"ERR3275125_1","10676_min2k_bin.2753",42,18609,54,"ERR3275125_1.fastq",128523824,"Adult",0.022578084038161
"ERR3275125_1","malmuthuge.158",35,15363,38,"ERR3275125_1.fastq",128523824,"Adult",0.019245266408366
"ERR3275125_1","Megasphaera_hexanoica_MH",42,17547,12,"ERR3275125_1.fastq",128523824,"Adult",0.00532101803874215
"ERR3275125_1","10674_min2k_bin.1792",42,18066,37,"ERR3275125_1.fastq",128523824,"Adult",0.0159351471938767
"ERR3275125_1","10677_0023_idba_bin.239",41,18483,22,"ERR3275125_1.fastq",128523824,"Adult",0.00926118540265734
"ERR3275125_1","10676_min2k_bin.3406",41,18084,32,"ERR3275125_1.fastq",128523824,"Adult",0.013768031191596
"ERR3275125_1","Megasphaera_elsdenii_2410",31,13602,12,"ERR3275125_1.fastq",128523824,"Adult",0.00686427757137249
"ERR3275125_1","malmuthuge.164",43,18489,28,"ERR3275125_1.fastq",128523824,"Adult",0.0117831381664893
"ERR3275125_1","10677_0023_idba_bin.13",41,18111,84,"ERR3275125_1.fastq",128523824,"Adult",0.0360872025112175
"ERR3275125_1","malmuthuge.34",41,17973,21,"ERR3275125_1.fastq",128523824,"Adult",0.00909107167251794
"ERR3275125_1","10677_min2k_bin.4359",27,11229,6,"ERR3275125_1.fastq",128523824,"Adult",0.0041574451654559
"ERR3275125_1","10677_min2k_bin.3664",29,11922,17,"ERR3275125_1.fastq",128523824,"Adult",0.011094715371713
"ERR3275125_1","malmuthuge.128",41,18225,32,"ERR3275125_1.fastq",128523824,"Adult",0.013661513090196
"ERR3275125_1","Ruminococcaceae_CPB6",41,18129,10,"ERR3275125_1.fastq",128523824,"Adult",0.00429183001111518
"ERR3275125_1","Pseudoramibacter_alactolyticus_ATCC23263",44,18396,7,"ERR3275125_1.fastq",128523824,"Adult",0.00296067679876359
"ERR3275125_1","malmuthuge.79",28,12450,26,"ERR3275125_1.fastq",128523824,"Adult",0.0162487650044915
"ERR3275125_1","10677_0019_idba_bin.37",23,9222,7,"ERR3275125_1.fastq",128523824,"Adult",0.00590594343852255
"ERR3275125_1","10676_min2k_bin.3258",23,9531,8,"ERR3275125_1.fastq",128523824,"Adult",0.00653082247583734
"SRR5190268_1","Megasphaera_hexanoica_MH",42,17547,1,"SRR5190268_1.fastq",31021269,"Calf",0.00183712016507159
"SRR5190268_1","Megasphaera_elsdenii_2410",31,13602,3,"SRR5190268_1.fastq",31021269,"Calf",0.00710982521758076
"SRR5190268_1","10674_0003_idba_bin.96",41,18645,2,"SRR5190268_1.fastq",31021269,"Calf",0.00345786511520635
"SRR5190268_1","malmuthuge.128",41,18225,1,"SRR5190268_1.fastq",31021269,"Calf",0.00176877627086481
"SRR5190270_1","Megasphaera_hexanoica_MH",42,17547,1428,"SRR5190270_1.fastq",33983931,"Calf",2.39470332974553
"SRR5190270_1","Megasphaera_elsdenii_2410",31,13602,1790,"SRR5190270_1.fastq",33983931,"Calf",3.87236821921735
"SRR5190270_1","malmuthuge.164",43,18489,289,"SRR5190270_1.fastq",33983931,"Calf",0.45995019468446
"SRR5190270_1","malmuthuge.79",28,12450,390,"SRR5190270_1.fastq",33983931,"Calf",0.921768032215557
"SRR5190270_1","10674_0003_idba_bin.96",41,18645,96,"SRR5190270_1.fastq",33983931,"Calf",0.151507883752987
"SRR5190270_1","10674_0009_idba_bin.117",37,20709,1,"SRR5190270_1.fastq",33983931,"Calf",0.0014209122505988
"SRR5190270_1","10677_0023_idba_bin.239",41,18483,17,"SRR5190270_1.fastq",33983931,"Calf",0.0270646767602693
"SRR5190270_1","10677_0019_idba_bin.218",40,17688,1,"SRR5190270_1.fastq",33983931,"Calf",0.0016635951943493
"SRR5190270_1","10678_0051_idba_bin.51",43,20247,1,"SRR5190270_1.fastq",33983931,"Calf",0.00145333490382034
"SRR5190270_1","Ruminococcaceae_CPB6",41,18129,1,"SRR5190270_1.fastq",33983931,"Calf",0.0016231271331927
"SRR5190270_1","10676_min2k_bin.3406",41,18084,2,"SRR5190270_1.fastq",33983931,"Calf",0.00325433220500448
"SRR5190270_1","malmuthuge.34",41,17973,1,"SRR5190270_1.fastq",33983931,"Calf",0.00163721536736496
"SRR5190270_1","10677_0023_idba_bin.13",41,18111,1,"SRR5190270_1.fastq",33983931,"Calf",0.00162474031238753
"SRR5190270_1","10677_0034_idba_bin.198",42,18354,1,"SRR5190270_1.fastq",33983931,"Calf",0.00160322936676749
"SRR5190270_1","10676_min2k_bin.2753",42,18609,1,"SRR5190270_1.fastq",33983931,"Calf",0.00158126023954272
"SRR5190282_1","10674_0003_idba_bin.96",41,18645,1173,"SRR5190282_1.fastq",20848739,"Calf",3.01755942793509
"SRR5190282_1","10678_0024_idba_bin.135",41,17709,270,"SRR5190282_1.fastq",20848739,"Calf",0.731290503383339
"SRR5190282_1","Megasphaera_elsdenii_2410",31,13602,1436,"SRR5190282_1.fastq",20848739,"Calf",5.06374557691972
"SRR5190282_1","malmuthuge.128",41,18225,1784,"SRR5190282_1.fastq",20848739,"Calf",4.69512890668238
"SRR5190282_1","malmuthuge.158",35,15363,394,"SRR5190282_1.fastq",20848739,"Calf",1.23009994397789
"SRR5190282_1","Megasphaera_hexanoica_MH",42,17547,198,"SRR5190282_1.fastq",20848739,"Calf",0.541230823003253
"SRR5190282_1","malmuthuge.34",41,17973,204,"SRR5190282_1.fastq",20848739,"Calf",0.544414646451317
"SRR5190282_1","malmuthuge.164",43,18489,120,"SRR5190282_1.fastq",20848739,"Calf",0.311306386966798
"SRR5190282_1","10677_0023_idba_bin.239",41,18483,201,"SRR5190282_1.fastq",20848739,"Calf",0.521607468806676
"SRR5190282_1","10674_min2k_bin.1792",42,18066,31,"SRR5190282_1.fastq",20848739,"Calf",0.0823038015459533
"SRR5190282_1","malmuthuge.79",28,12450,4,"SRR5190282_1.fastq",20848739,"Calf",0.0154102912680834
"SRR5190282_1","10677_0023_idba_bin.13",41,18111,2,"SRR5190282_1.fastq",20848739,"Calf",0.00529672923327364
"SRR5190282_1","10677_min2k_bin.3664",29,11922,4,"SRR5190282_1.fastq",20848739,"Calf",0.0160927802623417
"SRR5190282_1","10678_min2k_bin.2957",37,16101,1,"SRR5190282_1.fastq",20848739,"Calf",0.00297897842195575
"SRR5190282_1","10676_min2k_bin.2753",42,18609,3,"SRR5190282_1.fastq",20848739,"Calf",0.00773247325034813
"SRR5190282_1","10676_0049_idba_bin.70",39,19470,4,"SRR5190282_1.fastq",20848739,"Calf",0.00985403833013035
"SRR5190282_1","10678_0051_idba_bin.51",43,20247,1,"SRR5190282_1.fastq",20848739,"Calf",0.00236896980154638
"SRR5190282_1","10675_0017_idba_bin.63",18,10164,1,"SRR5190282_1.fastq",20848739,"Calf",0.00471906056394229
"SRR5190274_1","10674_0003_idba_bin.96",41,18645,1046,"SRR5190274_1.fastq",30311919,"Calf",1.85078454854905
"SRR5190274_1","Megasphaera_hexanoica_MH",42,17547,919,"SRR5190274_1.fastq",30311919,"Calf",1.72782281191446
"SRR5190274_1","malmuthuge.79",28,12450,94,"SRR5190274_1.fastq",30311919,"Calf",0.249083563571572
"SRR5190274_1","malmuthuge.128",41,18225,139,"SRR5190274_1.fastq",30311919,"Calf",0.251613437783489
"SRR5190274_1","Megasphaera_elsdenii_2410",31,13602,1948,"SRR5190274_1.fastq",30311919,"Calf",4.72468381830262
"SRR5190274_1","10677_0023_idba_bin.239",41,18483,150,"SRR5190274_1.fastq",30311919,"Calf",0.267735132669302
"SRR5190274_1","malmuthuge.164",43,18489,242,"SRR5190274_1.fastq",30311919,"Calf",0.431805840093989
"SRR5190274_1","10676_min2k_bin.3406",41,18084,10,"SRR5190274_1.fastq",30311919,"Calf",0.0182428240696259
"SRR5190274_1","10674_0009_idba_bin.117",37,20709,2,"SRR5190274_1.fastq",30311919,"Calf",0.00318608557125032
"SRR5190274_1","10676_min2k_bin.2753",42,18609,2,"SRR5190274_1.fastq",30311919,"Calf",0.0035456309363761
"SRR5190274_1","10678_0024_idba_bin.135",41,17709,5,"SRR5190274_1.fastq",30311919,"Calf",0.00931456407688504
"SRR5190274_1","10675_0017_idba_bin.63",18,10164,7,"SRR5190274_1.fastq",30311919,"Calf",0.0227206081594431
"SRR5190274_1","10674_min2k_bin.1792",42,18066,4,"SRR5190274_1.fastq",30311919,"Calf",0.00730440009908368
"SRR5190274_1","10678_min2k_bin.2957",37,16101,6,"SRR5190274_1.fastq",30311919,"Calf",0.0122937667402688
"SRR5190274_1","10677_0034_idba_bin.198",42,18354,2,"SRR5190274_1.fastq",30311919,"Calf",0.00359489190884945
"SRR5190274_1","10677_min2k_bin.3664",29,11922,1,"SRR5190274_1.fastq",30311919,"Calf",0.00276718025897596
"SRR5190274_1","10677_0023_idba_bin.13",41,18111,3,"SRR5190274_1.fastq",30311919,"Calf",0.00546468826362621
"SRR5190274_1","10677_0019_idba_bin.37",23,9222,1,"SRR5190274_1.fastq",30311919,"Calf",0.00357735014611922
"ERR3201419_1","10676_0049_idba_bin.70",39,19470,1336,"ERR3201419_1.fastq",73526083,"Adult",0.933252316221647
"ERR3201419_1","10678_0051_idba_bin.51",43,20247,1902,"ERR3201419_1.fastq",73526083,"Adult",1.27763970426243
"ERR3201419_1","10677_0019_idba_bin.218",40,17688,778,"ERR3201419_1.fastq",73526083,"Adult",0.598217945906778
"ERR3201419_1","10674_0003_idba_bin.96",41,18645,4,"ERR3201419_1.fastq",73526083,"Adult",0.0029178043907094
"ERR3201419_1","10674_0009_idba_bin.117",37,20709,642,"ERR3201419_1.fastq",73526083,"Adult",0.421632878931705
"ERR3201419_1","Pseudoramibacter_alactolyticus_ATCC23263",44,18396,4,"ERR3201419_1.fastq",73526083,"Adult",0.00295729848145123
"ERR3201419_1","10678_min2k_bin.2957",37,16101,59,"ERR3201419_1.fastq",73526083,"Adult",0.0498376701605775
"ERR3201419_1","10676_min2k_bin.2753",42,18609,26,"ERR3201419_1.fastq",73526083,"Adult",0.0190024186480224
"ERR3201419_1","10677_0034_idba_bin.198",42,18354,217,"ERR3201419_1.fastq",73526083,"Adult",0.160800567201381
"ERR3201419_1","Ruminococcaceae_CPB6",41,18129,11,"ERR3201419_1.fastq",73526083,"Adult",0.0082523455721847
"ERR3201419_1","malmuthuge.164",43,18489,11,"ERR3201419_1.fastq",73526083,"Adult",0.00809166384759242
"ERR3201419_1","10678_0024_idba_bin.135",41,17709,20,"ERR3201419_1.fastq",73526083,"Adult",0.0153601171338802
"ERR3201419_1","10674_min2k_bin.1792",42,18066,11,"ERR3201419_1.fastq",73526083,"Adult",0.0082811232634859
"ERR3201419_1","10676_min2k_bin.3258",23,9531,7,"ERR3201419_1.fastq",73526083,"Adult",0.00998891092365538
"ERR3201419_1","10677_0023_idba_bin.239",41,18483,6,"ERR3201419_1.fastq",73526083,"Adult",0.00441506759168778
"ERR3201419_1","Megasphaera_hexanoica_MH",42,17547,5,"ERR3201419_1.fastq",73526083,"Adult",0.0038754817678789
"ERR3201419_1","Megasphaera_elsdenii_2410",31,13602,20,"ERR3201419_1.fastq",73526083,"Adult",0.0199979645878462
"ERR3201419_1","10677_0023_idba_bin.13",41,18111,11,"ERR3201419_1.fastq",73526083,"Adult",0.00826054734018753
"ERR3201419_1","10676_min2k_bin.3406",41,18084,9,"ERR3201419_1.fastq",73526083,"Adult",0.00676872049578345
"ERR3201419_1","malmuthuge.158",35,15363,7,"ERR3201419_1.fastq",73526083,"Adult",0.00619698691748744
"ERR3201419_1","malmuthuge.79",28,12450,18,"ERR3201419_1.fastq",73526083,"Adult",0.0196635407944977
"ERR3201419_1","malmuthuge.128",41,18225,4,"ERR3201419_1.fastq",73526083,"Adult",0.00298504597337596
"ERR3201419_1","malmuthuge.34",41,17973,5,"ERR3201419_1.fastq",73526083,"Adult",0.00378362424642358
"ERR3201419_1","10677_min2k_bin.4359",27,11229,8,"ERR3201419_1.fastq",73526083,"Adult",0.00968963627478437
"ERR3201419_1","10675_0017_idba_bin.63",18,10164,7,"ERR3201419_1.fastq",73526083,"Adult",0.00936681523153871
"ERR3201419_1","10677_min2k_bin.3664",29,11922,2,"ERR3201419_1.fastq",73526083,"Adult",0.00228159968397823
"ERR3201419_1","10677_0019_idba_bin.37",23,9222,1,"ERR3201419_1.fastq",73526083,"Adult",0.00147480109696315
"SRR5190271_1","Megasphaera_elsdenii_2410",31,13602,57,"SRR5190271_1.fastq",1346134,"Calf",3.11303348086711
"SRR5190271_1","Megasphaera_hexanoica_MH",42,17547,22,"SRR5190271_1.fastq",1346134,"Calf",0.931389872161481
"ERR3201411_1","10677_0023_idba_bin.239",41,18483,18,"ERR3201411_1.fastq",60936220,"Adult",0.015981757296254
"ERR3201411_1","10677_0019_idba_bin.218",40,17688,188,"ERR3201411_1.fastq",60936220,"Adult",0.174422942673164
"ERR3201411_1","10674_0003_idba_bin.96",41,18645,314,"ERR3201411_1.fastq",60936220,"Adult",0.276370541740389
"ERR3201411_1","10674_0009_idba_bin.117",37,20709,166,"ERR3201411_1.fastq",60936220,"Adult",0.131544728641079
"ERR3201411_1","10677_0034_idba_bin.198",42,18354,36,"ERR3201411_1.fastq",60936220,"Adult",0.0321881682583265
"ERR3201411_1","10676_min2k_bin.3406",41,18084,8,"ERR3201411_1.fastq",60936220,"Adult",0.00725972179475196
"ERR3201411_1","10678_0024_idba_bin.135",41,17709,210,"ERR3201411_1.fastq",60936220,"Adult",0.194603096424289
"ERR3201411_1","malmuthuge.128",41,18225,58,"ERR3201411_1.fastq",60936220,"Adult",0.0522257813326823
"ERR3201411_1","10676_min2k_bin.3258",23,9531,10,"ERR3201411_1.fastq",60936220,"Adult",0.0172181314836185
"ERR3201411_1","10677_0023_idba_bin.13",41,18111,6,"ERR3201411_1.fastq",60936220,"Adult",0.00543667421468835
"ERR3201411_1","malmuthuge.79",28,12450,8,"ERR3201411_1.fastq",60936220,"Adult",0.0105449645731963
"ERR3201411_1","10676_min2k_bin.2753",42,18609,7,"ERR3201411_1.fastq",60936220,"Adult",0.00617304572084785
"ERR3201411_1","10675_0017_idba_bin.63",18,10164,26,"ERR3201411_1.fastq",60936220,"Adult",0.0419791055729001
"ERR3201411_1","10674_min2k_bin.1792",42,18066,4,"ERR3201411_1.fastq",60936220,"Adult",0.00363347749740658
"ERR3201411_1","10678_0051_idba_bin.51",43,20247,42,"ERR3201411_1.fastq",60936220,"Adult",0.0340418455531953
"ERR3201411_1","10676_0049_idba_bin.70",39,19470,41,"ERR3201411_1.fastq",60936220,"Adult",0.0345575062043405
"ERR3201411_1","Megasphaera_hexanoica_MH",42,17547,8,"ERR3201411_1.fastq",60936220,"Adult",0.0074818948501906
"ERR3201411_1","malmuthuge.34",41,17973,3,"ERR3201411_1.fastq",60936220,"Adult",0.00273920899967231
"ERR3201411_1","malmuthuge.164",43,18489,7,"ERR3201411_1.fastq",60936220,"Adult",0.00621311092104806
"ERR3201411_1","10677_min2k_bin.4359",27,11229,2,"ERR3201411_1.fastq",60936220,"Adult",0.00292289627162469
"ERR3201411_1","10678_min2k_bin.2957",37,16101,3,"ERR3201411_1.fastq",60936220,"Adult",0.00305768606615182
"ERR3201411_1","malmuthuge.158",35,15363,2,"ERR3201411_1.fastq",60936220,"Adult",0.00213637975877586
"ERR3201411_1","Megasphaera_elsdenii_2410",31,13602,1,"ERR3201411_1.fastq",60936220,"Adult",0.00120648442266114
"SRR5190278_1","malmuthuge.128",41,18225,1508,"SRR5190278_1.fastq",27796632,"Calf",2.97674496050333
"SRR5190278_1","malmuthuge.34",41,17973,598,"SRR5190278_1.fastq",27796632,"Calf",1.19698423959597
"SRR5190278_1","10674_0003_idba_bin.96",41,18645,410,"SRR5190278_1.fastq",27796632,"Calf",0.791096187495991
"SRR5190278_1","Megasphaera_elsdenii_2410",31,13602,1198,"SRR5190278_1.fastq",27796632,"Calf",3.16855952356425
"SRR5190278_1","malmuthuge.164",43,18489,156,"SRR5190278_1.fastq",27796632,"Calf",0.303542144752462
"SRR5190278_1","Megasphaera_hexanoica_MH",42,17547,210,"SRR5190278_1.fastq",27796632,"Calf",0.430550642015267
"SRR5190278_1","10677_0023_idba_bin.239",41,18483,58,"SRR5190278_1.fastq",27796632,"Calf",0.112892048213063
"SRR5190278_1","malmuthuge.158",35,15363,286,"SRR5190278_1.fastq",27796632,"Calf",0.669727026596487
"SRR5190278_1","10678_0024_idba_bin.135",41,17709,22,"SRR5190278_1.fastq",27796632,"Calf",0.0446926869414588
"SRR5190278_1","10676_min2k_bin.3406",41,18084,6,"SRR5190278_1.fastq",27796632,"Calf",0.0119361584280373
"SRR5190278_1","malmuthuge.79",28,12450,23,"SRR5190278_1.fastq",27796632,"Calf",0.0664609136183453
"SRR5190278_1","10677_0019_idba_bin.218",40,17688,12,"SRR5190278_1.fastq",27796632,"Calf",0.0244067717110612
"SRR5190278_1","10675_0017_idba_bin.63",18,10164,8,"SRR5190278_1.fastq",27796632,"Calf",0.0283160814656468
"SRR5190278_1","10677_min2k_bin.3664",29,11922,2,"SRR5190278_1.fastq",27796632,"Calf",0.00603515878243655
"SRR5190278_1","10678_0051_idba_bin.51",43,20247,4,"SRR5190278_1.fastq",27796632,"Calf",0.00710734064347395
"SRR5190278_1","10676_min2k_bin.2753",42,18609,2,"SRR5190278_1.fastq",27796632,"Calf",0.00386647122382764
"SRR5190278_1","10674_min2k_bin.1792",42,18066,4,"SRR5190278_1.fastq",27796632,"Calf",0.00796536732029321
"SRR5190278_1","10678_min2k_bin.2957",37,16101,2,"SRR5190278_1.fastq",27796632,"Calf",0.00446873877425058
"SRR5190278_1","10677_0034_idba_bin.198",42,18354,3,"SRR5190278_1.fastq",27796632,"Calf",0.00588028465219096
"ERR3201417_1","10676_min2k_bin.3406",41,18084,22,"ERR3201417_1.fastq",102756726,"Adult",0.0118390791486043
"ERR3201417_1","10677_0019_idba_bin.218",40,17688,929,"ERR3201417_1.fastq",102756726,"Adult",0.511124532048956
"ERR3201417_1","10674_0009_idba_bin.117",37,20709,1134,"ERR3201417_1.fastq",102756726,"Adult",0.532897481781508
"ERR3201417_1","10677_0023_idba_bin.13",41,18111,212,"ERR3201417_1.fastq",102756726,"Adult",0.11391559211266
"ERR3201417_1","10674_min2k_bin.1792",42,18066,70,"ERR3201417_1.fastq",102756726,"Adult",0.0377073294703141
"ERR3201417_1","10676_0049_idba_bin.70",39,19470,1818,"ERR3201417_1.fastq",102756726,"Adult",0.90869401763522
"ERR3201417_1","10678_0051_idba_bin.51",43,20247,70,"ERR3201417_1.fastq",102756726,"Adult",0.033645508678357
"ERR3201417_1","10678_0024_idba_bin.135",41,17709,876,"ERR3201417_1.fastq",102756726,"Adult",0.481393043124616
"ERR3201417_1","malmuthuge.128",41,18225,48,"ERR3201417_1.fastq",102756726,"Adult",0.0256308755493736
"ERR3201417_1","malmuthuge.79",28,12450,21,"ERR3201417_1.fastq",102756726,"Adult",0.0164149545592938
"ERR3201417_1","10674_0003_idba_bin.96",41,18645,519,"ERR3201417_1.fastq",102756726,"Adult",0.270891084377543
"ERR3201417_1","10677_0034_idba_bin.198",42,18354,254,"ERR3201417_1.fastq",102756726,"Adult",0.134676782024562
"ERR3201417_1","10677_min2k_bin.4359",27,11229,9,"ERR3201417_1.fastq",102756726,"Adult",0.0077999383330105
"ERR3201417_1","10677_0019_idba_bin.37",23,9222,20,"ERR3201417_1.fastq",102756726,"Adult",0.0211054501412986
"ERR3201417_1","10678_min2k_bin.2957",37,16101,93,"ERR3201417_1.fastq",102756726,"Adult",0.056210809551842
"ERR3201417_1","Megasphaera_elsdenii_2410",31,13602,158,"ERR3201417_1.fastq",102756726,"Adult",0.113043099801804
"ERR3201417_1","malmuthuge.158",35,15363,165,"ERR3201417_1.fastq",102756726,"Adult",0.104519579829799
"ERR3201417_1","10675_0017_idba_bin.63",18,10164,127,"ERR3201417_1.fastq",102756726,"Adult",0.121598664761846
"ERR3201417_1","malmuthuge.164",43,18489,28,"ERR3201417_1.fastq",102756726,"Adult",0.0147378574116652
"ERR3201417_1","10676_min2k_bin.2753",42,18609,39,"ERR3201417_1.fastq",102756726,"Adult",0.0203953570501348
"ERR3201417_1","10677_0023_idba_bin.239",41,18483,16,"ERR3201417_1.fastq",102756726,"Adult",0.00842436665922439
"ERR3201417_1","Megasphaera_hexanoica_MH",42,17547,21,"ERR3201417_1.fastq",102756726,"Adult",0.0116467877279996
"ERR3201417_1","Ruminococcaceae_CPB6",41,18129,9,"ERR3201417_1.fastq",102756726,"Adult",0.00483123766017844
"ERR3201417_1","10676_min2k_bin.3258",23,9531,13,"ERR3201417_1.fastq",102756726,"Adult",0.0132737802730024
"ERR3201417_1","malmuthuge.34",41,17973,11,"ERR3201417_1.fastq",102756726,"Adult",0.0059560982396751
"ERR3201417_1","Pseudoramibacter_alactolyticus_ATCC23263",44,18396,2,"ERR3201417_1.fastq",102756726,"Adult",0.00105802599044931
"SRR5190279_1","10674_0003_idba_bin.96",41,18645,788,"SRR5190279_1.fastq",21049986,"Calf",2.00776102076199
"SRR5190279_1","malmuthuge.34",41,17973,376,"SRR5190279_1.fastq",21049986,"Calf",0.993837682021648
"SRR5190279_1","Megasphaera_hexanoica_MH",42,17547,1074,"SRR5190279_1.fastq",21049986,"Calf",2.9076999832273
"SRR5190279_1","Megasphaera_elsdenii_2410",31,13602,5821,"SRR5190279_1.fastq",21049986,"Calf",20.3302639630385
"SRR5190279_1","malmuthuge.164",43,18489,277,"SRR5190279_1.fastq",21049986,"Calf",0.7117287925276
"SRR5190279_1","malmuthuge.158",35,15363,170,"SRR5190279_1.fastq",21049986,"Calf",0.525679546469371
"SRR5190279_1","10677_0023_idba_bin.239",41,18483,105,"SRR5190279_1.fastq",21049986,"Calf",0.269876472053155
"SRR5190279_1","10675_0017_idba_bin.63",18,10164,6,"SRR5190279_1.fastq",21049986,"Calf",0.028043665783766
"SRR5190279_1","10678_0024_idba_bin.135",41,17709,4,"SRR5190279_1.fastq",21049986,"Calf",0.0107303562793381
"SRR5190279_1","malmuthuge.128",41,18225,30,"SRR5190279_1.fastq",21049986,"Calf",0.0781991273048554
"SRR5190279_1","10676_min2k_bin.3406",41,18084,2,"SRR5190279_1.fastq",21049986,"Calf",0.00525392278673962
"SRR5190279_1","10678_min2k_bin.2957",37,16101,5,"SRR5190279_1.fastq",21049986,"Calf",0.0147524904781379
"SRR5190279_1","malmuthuge.79",28,12450,4,"SRR5190279_1.fastq",21049986,"Calf",0.0152629621968513
"SRR5190279_1","10674_min2k_bin.1792",42,18066,4,"SRR5190279_1.fastq",21049986,"Calf",0.0105183150310417
"SRR5190279_1","10677_min2k_bin.3664",29,11922,5,"SRR5190279_1.fastq",21049986,"Calf",0.0199236578752305
"SRR5190279_1","10678_0051_idba_bin.51",43,20247,1,"SRR5190279_1.fastq",21049986,"Calf",0.00234632142231934
"SRR5190279_1","10677_0034_idba_bin.198",42,18354,1,"SRR5190279_1.fastq",21049986,"Calf",0.0025883169792797
"ERR3275124_1","10677_0019_idba_bin.218",40,17688,379,"ERR3275124_1.fastq",119053135,"Adult",0.179978092374037
"ERR3275124_1","10676_0049_idba_bin.70",39,19470,1280,"ERR3275124_1.fastq",119053135,"Adult",0.552208620437275
"ERR3275124_1","10676_min2k_bin.3406",41,18084,47,"ERR3275124_1.fastq",119053135,"Adult",0.0218304417266276
"ERR3275124_1","10678_0024_idba_bin.135",41,17709,2339,"ERR3275124_1.fastq",119053135,"Adult",1.10941835734824
"ERR3275124_1","10674_0009_idba_bin.117",37,20709,564,"ERR3275124_1.fastq",119053135,"Adult",0.228759500613839
"ERR3275124_1","Megasphaera_elsdenii_2410",31,13602,844,"ERR3275124_1.fastq",119053135,"Adult",0.521193319048164
"ERR3275124_1","10674_min2k_bin.1792",42,18066,211,"ERR3275124_1.fastq",119053135,"Adult",0.0981023957391388
"ERR3275124_1","10674_0003_idba_bin.96",41,18645,413,"ERR3275124_1.fastq",119053135,"Adult",0.186057348647609
"ERR3275124_1","10677_0034_idba_bin.198",42,18354,261,"ERR3275124_1.fastq",119053135,"Adult",0.119445266538352
"ERR3275124_1","malmuthuge.128",41,18225,285,"ERR3275124_1.fastq",119053135,"Adult",0.131351938630634
"ERR3275124_1","malmuthuge.158",35,15363,190,"ERR3275124_1.fastq",119053135,"Adult",0.103881146544438
"ERR3275124_1","10678_0051_idba_bin.51",43,20247,292,"ERR3275124_1.fastq",119053135,"Adult",0.12113826034624
"ERR3275124_1","Megasphaera_hexanoica_MH",42,17547,43,"ERR3275124_1.fastq",119053135,"Adult",0.0205837616079445
"ERR3275124_1","10677_0023_idba_bin.13",41,18111,28,"ERR3275124_1.fastq",119053135,"Adult",0.0129859810473256
"ERR3275124_1","10678_min2k_bin.2957",37,16101,36,"ERR3275124_1.fastq",119053135,"Adult",0.018780571967429
"ERR3275124_1","10676_min2k_bin.2753",42,18609,16,"ERR3275124_1.fastq",119053135,"Adult",0.00722197716153054
"ERR3275124_1","Pseudoramibacter_alactolyticus_ATCC23263",44,18396,13,"ERR3275124_1.fastq",119053135,"Adult",0.0059357980300948
"ERR3275124_1","10675_0017_idba_bin.63",18,10164,37,"ERR3275124_1.fastq",119053135,"Adult",0.0305770956375449
"ERR3275124_1","malmuthuge.79",28,12450,13,"ERR3275124_1.fastq",119053135,"Adult",0.00877067795675695
"ERR3275124_1","10677_min2k_bin.3664",29,11922,3,"ERR3275124_1.fastq",119053135,"Adult",0.00211364137202632
"ERR3275124_1","10677_0023_idba_bin.239",41,18483,40,"ERR3275124_1.fastq",119053135,"Adult",0.0181780248064332
"ERR3275124_1","10677_min2k_bin.4359",27,11229,22,"ERR3275124_1.fastq",119053135,"Adult",0.0164566246213837
"ERR3275124_1","Ruminococcaceae_CPB6",41,18129,26,"ERR3275124_1.fastq",119053135,"Adult",0.0120464383652296
"ERR3275124_1","malmuthuge.164",43,18489,14,"ERR3275124_1.fastq",119053135,"Adult",0.00636024400314006
"ERR3275124_1","10676_min2k_bin.3258",23,9531,8,"ERR3275124_1.fastq",119053135,"Adult",0.00705035006814195
"ERR3275124_1","malmuthuge.34",41,17973,11,"ERR3275124_1.fastq",119053135,"Adult",0.00514080670654642
"ERR3275124_1","10677_0019_idba_bin.37",23,9222,9,"ERR3275124_1.fastq",119053135,"Adult",0.00819740807979761
"ERR3275127_1","10678_0051_idba_bin.51",43,20247,2144,"ERR3275127_1.fastq",133226909,"Adult",0.79482614843068
"ERR3275127_1","10676_0049_idba_bin.70",39,19470,1885,"ERR3275127_1.fastq",133226909,"Adult",0.726697140175836
"ERR3275127_1","10674_0009_idba_bin.117",37,20709,1580,"ERR3275127_1.fastq",133226909,"Adult",0.572672075823801
"ERR3275127_1","10677_0034_idba_bin.198",42,18354,747,"ERR3275127_1.fastq",133226909,"Adult",0.305490649974607
"ERR3275127_1","10677_0023_idba_bin.13",41,18111,34,"ERR3275127_1.fastq",133226909,"Adult",0.0140910882406592
"ERR3275127_1","10677_0019_idba_bin.218",40,17688,1135,"ERR3275127_1.fastq",133226909,"Adult",0.481642919275059
"ERR3275127_1","malmuthuge.158",35,15363,21,"ERR3275127_1.fastq",133226909,"Adult",0.0102600933519766
"ERR3275127_1","10678_0024_idba_bin.135",41,17709,206,"ERR3275127_1.fastq",133226909,"Adult",0.0873134664329455
"ERR3275127_1","10678_min2k_bin.2957",37,16101,82,"ERR3275127_1.fastq",133226909,"Adult",0.0382268973581827
"ERR3275127_1","malmuthuge.164",43,18489,30,"ERR3275127_1.fastq",133226909,"Adult",0.0121791191802397
"ERR3275127_1","malmuthuge.128",41,18225,10,"ERR3275127_1.fastq",133226909,"Adult",0.00411851366298036
"ERR3275127_1","malmuthuge.79",28,12450,38,"ERR3275127_1.fastq",133226909,"Adult",0.02290985250841
"ERR3275127_1","10675_0017_idba_bin.63",18,10164,79,"ERR3275127_1.fastq",133226909,"Adult",0.058340545150704
"ERR3275127_1","10674_min2k_bin.1792",42,18066,24,"ERR3275127_1.fastq",133226909,"Adult",0.00997142630459211
"ERR3275127_1","10676_min2k_bin.2753",42,18609,59,"ERR3275127_1.fastq",133226909,"Adult",0.023797811698432
"ERR3275127_1","Megasphaera_hexanoica_MH",42,17547,12,"ERR3275127_1.fastq",133226909,"Adult",0.00513317910807434
"ERR3275127_1","10674_0003_idba_bin.96",41,18645,46,"ERR3275127_1.fastq",133226909,"Adult",0.0185184013374073
"ERR3275127_1","Megasphaera_elsdenii_2410",31,13602,11,"ERR3275127_1.fastq",133226909,"Adult",0.00607012958819282
"ERR3275127_1","10676_min2k_bin.3406",41,18084,19,"ERR3275127_1.fastq",133226909,"Adult",0.00788618844640856
"ERR3275127_1","malmuthuge.34",41,17973,22,"ERR3275127_1.fastq",133226909,"Adult",0.00918777084054958
"ERR3275127_1","10677_0019_idba_bin.37",23,9222,13,"ERR3275127_1.fastq",133226909,"Adult",0.0105809894773544
"ERR3275127_1","Ruminococcaceae_CPB6",41,18129,34,"ERR3275127_1.fastq",133226909,"Adult",0.0140770974199668
"ERR3275127_1","Pseudoramibacter_alactolyticus_ATCC23263",44,18396,11,"ERR3275127_1.fastq",133226909,"Adult",0.00448825302558158
"ERR3275127_1","10677_min2k_bin.4359",27,11229,11,"ERR3275127_1.fastq",133226909,"Adult",0.00735291679210961
"ERR3275127_1","10677_min2k_bin.3664",29,11922,6,"ERR3275127_1.fastq",133226909,"Adult",0.00377754964810353
"ERR3275127_1","10677_0023_idba_bin.239",41,18483,6,"ERR3275127_1.fastq",133226909,"Adult",0.00243661455957855
"ERR3275127_1","10676_min2k_bin.3258",23,9531,8,"ERR3275127_1.fastq",133226909,"Adult",0.00630027585838356
"SRR5190276_1","malmuthuge.158",35,15363,129,"SRR5190276_1.fastq",17059752,"Calf",0.492199271155184
"SRR5190276_1","malmuthuge.128",41,18225,1436,"SRR5190276_1.fastq",17059752,"Calf",4.61864081851923
"SRR5190276_1","10678_0024_idba_bin.135",41,17709,895,"SRR5190276_1.fastq",17059752,"Calf",2.96248584478684
"SRR5190276_1","Megasphaera_elsdenii_2410",31,13602,922,"SRR5190276_1.fastq",17059752,"Calf",3.97333732575923
"SRR5190276_1","10674_0003_idba_bin.96",41,18645,663,"SRR5190276_1.fastq",17059752,"Calf",2.08438734246268
"SRR5190276_1","malmuthuge.34",41,17973,86,"SRR5190276_1.fastq",17059752,"Calf",0.280482108449974
"SRR5190276_1","malmuthuge.164",43,18489,19,"SRR5190276_1.fastq",17059752,"Calf",0.0602375729178106
"SRR5190276_1","Megasphaera_hexanoica_MH",42,17547,156,"SRR5190276_1.fastq",17059752,"Calf",0.521133520396872
"SRR5190276_1","10677_0023_idba_bin.239",41,18483,122,"SRR5190276_1.fastq",17059752,"Calf",0.386914186443426
"SRR5190276_1","10676_min2k_bin.3406",41,18084,5,"SRR5190276_1.fastq",17059752,"Calf",0.016207005984898
"SRR5190276_1","10677_min2k_bin.3664",29,11922,2,"SRR5190276_1.fastq",17059752,"Calf",0.00983350096396225
"SRR5190276_1","10677_0034_idba_bin.198",42,18354,2,"SRR5190276_1.fastq",17059752,"Calf",0.00638743589911507
"ERR3275126_1","10677_0019_idba_bin.218",40,17688,2710,"ERR3275126_1.fastq",136527050,"Adult",1.1222041100577
"ERR3275126_1","10676_0049_idba_bin.70",39,19470,2822,"ERR3275126_1.fastq",136527050,"Adult",1.06162796875376
"ERR3275126_1","10677_0034_idba_bin.198",42,18354,684,"ERR3275126_1.fastq",136527050,"Adult",0.272964813532129
"ERR3275126_1","10678_0051_idba_bin.51",43,20247,1685,"ERR3275126_1.fastq",136527050,"Adult",0.609565692358239
"ERR3275126_1","10674_0009_idba_bin.117",37,20709,2587,"ERR3275126_1.fastq",136527050,"Adult",0.914994733286867
"ERR3275126_1","10678_0024_idba_bin.135",41,17709,809,"ERR3275126_1.fastq",136527050,"Adult",0.334607581811002
"ERR3275126_1","10675_0017_idba_bin.63",18,10164,195,"ERR3275126_1.fastq",136527050,"Adult",0.140524241126216
"ERR3275126_1","malmuthuge.158",35,15363,8,"ERR3275126_1.fastq",136527050,"Adult",0.003814127881158
"ERR3275126_1","Ruminococcaceae_CPB6",41,18129,23,"ERR3275126_1.fastq",136527050,"Adult",0.00929255800567666
"ERR3275126_1","10678_min2k_bin.2957",37,16101,100,"ERR3275126_1.fastq",136527050,"Adult",0.0454913100414806
"ERR3275126_1","10677_0019_idba_bin.37",23,9222,15,"ERR3275126_1.fastq",136527050,"Adult",0.0119137212585862
"ERR3275126_1","malmuthuge.164",43,18489,47,"ERR3275126_1.fastq",136527050,"Adult",0.0186194020228029
"ERR3275126_1","10677_0023_idba_bin.13",41,18111,23,"ERR3275126_1.fastq",136527050,"Adult",0.00930179361078417
"ERR3275126_1","10676_min2k_bin.3406",41,18084,20,"ERR3275126_1.fastq",136527050,"Adult",0.00810059260094978
"ERR3275126_1","malmuthuge.128",41,18225,5,"ERR3275126_1.fastq",136527050,"Adult",0.00200948033738787
"ERR3275126_1","Megasphaera_elsdenii_2410",31,13602,11,"ERR3275126_1.fastq",136527050,"Adult",0.00592340200908445
"ERR3275126_1","10677_min2k_bin.4359",27,11229,43,"ERR3275126_1.fastq",136527050,"Adult",0.028048437143155
"ERR3275126_1","malmuthuge.79",28,12450,32,"ERR3275126_1.fastq",136527050,"Adult",0.0188261675946121
"ERR3275126_1","10674_min2k_bin.1792",42,18066,56,"ERR3275126_1.fastq",136527050,"Adult",0.0227042580796863
"ERR3275126_1","10674_0003_idba_bin.96",41,18645,38,"ERR3275126_1.fastq",136527050,"Adult",0.0149280301170069
"ERR3275126_1","10676_min2k_bin.2753",42,18609,78,"ERR3275126_1.fastq",136527050,"Adult",0.0307010239519988
"ERR3275126_1","10676_min2k_bin.3258",23,9531,10,"ERR3275126_1.fastq",136527050,"Adult",0.00768498146026523
"ERR3275126_1","Pseudoramibacter_alactolyticus_ATCC23263",44,18396,8,"ERR3275126_1.fastq",136527050,"Adult",0.00318528194380465
"ERR3275126_1","malmuthuge.34",41,17973,13,"ERR3275126_1.fastq",136527050,"Adult",0.00529790384393948
"ERR3275126_1","Megasphaera_hexanoica_MH",42,17547,9,"ERR3275126_1.fastq",136527050,"Adult",0.00375682466906076
"ERR3275126_1","10677_0023_idba_bin.239",41,18483,7,"ERR3275126_1.fastq",136527050,"Adult",0.00277400264072128
"ERR3275120_1","10678_0024_idba_bin.135",41,17709,7311,"ERR3275120_1.fastq",125816186,"Adult",3.28130220337089
"ERR3275120_1","10674_0003_idba_bin.96",41,18645,3563,"ERR3275120_1.fastq",125816186,"Adult",1.51885711108683
"ERR3275120_1","malmuthuge.158",35,15363,656,"ERR3275120_1.fastq",125816186,"Adult",0.339383944533612
"ERR3275120_1","malmuthuge.34",41,17973,421,"ERR3275120_1.fastq",125816186,"Adult",0.186176561784175
"ERR3275120_1","10677_0023_idba_bin.13",41,18111,2309,"ERR3275120_1.fastq",125816186,"Adult",1.0133162016447
"ERR3275120_1","10678_0051_idba_bin.51",43,20247,168,"ERR3275120_1.fastq",125816186,"Adult",0.0659495874349754
"ERR3275120_1","malmuthuge.128",41,18225,871,"ERR3275120_1.fastq",125816186,"Adult",0.379851724315523
"ERR3275120_1","10677_0023_idba_bin.239",41,18483,518,"ERR3275120_1.fastq",125816186,"Adult",0.222751573434372
"ERR3275120_1","10674_min2k_bin.1792",42,18066,104,"ERR3275120_1.fastq",125816186,"Adult",0.0457546057533681
"ERR3275120_1","10676_min2k_bin.2753",42,18609,228,"ERR3275120_1.fastq",125816186,"Adult",0.097381238874903
"ERR3275120_1","10676_min2k_bin.3406",41,18084,267,"ERR3275120_1.fastq",125816186,"Adult",0.117349230786922
"ERR3275120_1","Megasphaera_hexanoica_MH",42,17547,184,"ERR3275120_1.fastq",125816186,"Adult",0.0833447850977287
"ERR3275120_1","10677_min2k_bin.4359",27,11229,33,"ERR3275120_1.fastq",125816186,"Adult",0.0233580370099669
"ERR3275120_1","10677_0034_idba_bin.198",42,18354,44,"ERR3275120_1.fastq",125816186,"Adult",0.0190539680785237
"ERR3275120_1","malmuthuge.164",43,18489,41,"ERR3275120_1.fastq",125816186,"Adult",0.0176251945071052
"ERR3275120_1","10674_0009_idba_bin.117",37,20709,20,"ERR3275120_1.fastq",125816186,"Adult",0.00767598914203364
"ERR3275120_1","10677_min2k_bin.3664",29,11922,26,"ERR3275120_1.fastq",125816186,"Adult",0.0173335578665565
"ERR3275120_1","10678_min2k_bin.2957",37,16101,29,"ERR3275120_1.fastq",125816186,"Adult",0.014315569576824
"ERR3275120_1","10676_min2k_bin.3258",23,9531,12,"ERR3275120_1.fastq",125816186,"Adult",0.0100070543998977
"ERR3275120_1","10675_0017_idba_bin.63",18,10164,19,"ERR3275120_1.fastq",125816186,"Adult",0.0148577288651373
"ERR3275120_1","10677_0019_idba_bin.218",40,17688,32,"ERR3275120_1.fastq",125816186,"Adult",0.0143792002842492
"ERR3275120_1","10676_0049_idba_bin.70",39,19470,32,"ERR3275120_1.fastq",125816186,"Adult",0.0130631378853518
"ERR3275120_1","Pseudoramibacter_alactolyticus_ATCC23263",44,18396,2,"ERR3275120_1.fastq",125816186,"Adult",0.000864112084922671
"ERR3275120_1","malmuthuge.79",28,12450,2,"ERR3275120_1.fastq",125816186,"Adult",0.00127680368789056
"ERR3275120_1","Ruminococcaceae_CPB6",41,18129,2,"ERR3275120_1.fastq",125816186,"Adult",0.000876838541245378
"ERR3275120_1","Megasphaera_elsdenii_2410",31,13602,7,"ERR3275120_1.fastq",125816186,"Adult",0.00409033382589554
"ERR3275121_1","10676_0049_idba_bin.70",39,19470,32,"ERR3275121_1.fastq",126311197,"Adult",0.0130119437149113
"ERR3275121_1","10674_0003_idba_bin.96",41,18645,523,"ERR3275121_1.fastq",126311197,"Adult",0.222073864607863
"ERR3275121_1","malmuthuge.128",41,18225,1007,"ERR3275121_1.fastq",126311197,"Adult",0.437441601402996
"ERR3275121_1","Megasphaera_hexanoica_MH",42,17547,157,"ERR3275121_1.fastq",126311197,"Adult",0.0708361461864983
"ERR3275121_1","10677_0034_idba_bin.198",42,18354,106,"ERR3275121_1.fastq",126311197,"Adult",0.0457228493749798
"ERR3275121_1","10678_0024_idba_bin.135",41,17709,933,"ERR3275121_1.fastq",126311197,"Adult",0.417105344868177
"ERR3275121_1","10676_min2k_bin.3406",41,18084,466,"ERR3275121_1.fastq",126311197,"Adult",0.204009112966338
"ERR3275121_1","10677_0023_idba_bin.239",41,18483,49,"ERR3275121_1.fastq",126311197,"Adult",0.0209885175944395
"ERR3275121_1","malmuthuge.34",41,17973,165,"ERR3275121_1.fastq",126311197,"Adult",0.072681104610628
"ERR3275121_1","Megasphaera_elsdenii_2410",31,13602,302,"ERR3275121_1.fastq",126311197,"Adult",0.175777110735221
"ERR3275121_1","malmuthuge.158",35,15363,304,"ERR3275121_1.fastq",126311197,"Adult",0.156659127073395
"ERR3275121_1","malmuthuge.164",43,18489,87,"ERR3275121_1.fastq",126311197,"Adult",0.0372532339148464
"ERR3275121_1","10677_min2k_bin.3664",29,11922,146,"ERR3275121_1.fastq",126311197,"Adult",0.0969531418881087
"ERR3275121_1","10677_0023_idba_bin.13",41,18111,100,"ERR3275121_1.fastq",126311197,"Adult",0.0437135139089024
"ERR3275121_1","10677_0019_idba_bin.218",40,17688,69,"ERR3275121_1.fastq",126311197,"Adult",0.0308836420612195
"ERR3275121_1","10678_0051_idba_bin.51",43,20247,226,"ERR3275121_1.fastq",126311197,"Adult",0.0883702137557829
"ERR3275121_1","10677_min2k_bin.4359",27,11229,11,"ERR3275121_1.fastq",126311197,"Adult",0.00775549911340765
"ERR3275121_1","10676_min2k_bin.2753",42,18609,21,"ERR3275121_1.fastq",126311197,"Adult",0.00893417403325636
"ERR3275121_1","10675_0017_idba_bin.63",18,10164,11,"ERR3275121_1.fastq",126311197,"Adult",0.0085681325801313
"ERR3275121_1","10678_min2k_bin.2957",37,16101,40,"ERR3275121_1.fastq",126311197,"Adult",0.0196682305547266
"ERR3275121_1","10674_0009_idba_bin.117",37,20709,62,"ERR3275121_1.fastq",126311197,"Adult",0.0237023120020552
"ERR3275121_1","10677_0019_idba_bin.37",23,9222,19,"ERR3275121_1.fastq",126311197,"Adult",0.0163112270198205
"ERR3275121_1","10674_min2k_bin.1792",42,18066,5,"ERR3275121_1.fastq",126311197,"Adult",0.0021911199225178
"ERR3275121_1","Ruminococcaceae_CPB6",41,18129,9,"ERR3275121_1.fastq",126311197,"Adult",0.003930310030138
"ERR3275121_1","10676_min2k_bin.3258",23,9531,18,"ERR3275121_1.fastq",126311197,"Adult",0.0149517554372829
"ERR3275121_1","Pseudoramibacter_alactolyticus_ATCC23263",44,18396,1,"ERR3275121_1.fastq",126311197,"Adult",0.000430362823659563
"ERR3275121_1","malmuthuge.79",28,12450,3,"ERR3275121_1.fastq",126311197,"Adult",0.00190769988049188
"ERR3201413_1","10678_0024_idba_bin.135",41,17709,193,"ERR3201413_1.fastq",53941237,"Adult",0.202042330549586
"ERR3201413_1","10676_0049_idba_bin.70",39,19470,536,"ERR3201413_1.fastq",53941237,"Adult",0.510361536838289
"ERR3201413_1","10674_0009_idba_bin.117",37,20709,322,"ERR3201413_1.fastq",53941237,"Adult",0.288254331464667
"ERR3201413_1","10677_0019_idba_bin.218",40,17688,259,"ERR3201413_1.fastq",53941237,"Adult",0.271456429759756
"ERR3201413_1","10678_0051_idba_bin.51",43,20247,406,"ERR3201413_1.fastq",53941237,"Adult",0.371744412073398
"ERR3201413_1","10677_0034_idba_bin.198",42,18354,36,"ERR3201413_1.fastq",53941237,"Adult",0.0363622603313009
"ERR3201413_1","10678_min2k_bin.2957",37,16101,21,"ERR3201413_1.fastq",53941237,"Adult",0.0241794012941478
"ERR3201413_1","10675_0017_idba_bin.63",18,10164,34,"ERR3201413_1.fastq",53941237,"Adult",0.0620145160700722
"ERR3201413_1","Megasphaera_hexanoica_MH",42,17547,8,"ERR3201413_1.fastq",53941237,"Adult",0.00845213079944906
"ERR3201413_1","10674_min2k_bin.1792",42,18066,4,"ERR3201413_1.fastq",53941237,"Adult",0.00410465900414958
"ERR3201413_1","10676_min2k_bin.2753",42,18609,9,"ERR3201413_1.fastq",53941237,"Adult",0.00896599664303156
"ERR3201413_1","10677_0023_idba_bin.13",41,18111,3,"ERR3201413_1.fastq",53941237,"Adult",0.00307084518672214
"ERR3201413_1","malmuthuge.164",43,18489,2,"ERR3201413_1.fastq",53941237,"Adult",0.00200537534666467
"ERR3201413_1","malmuthuge.34",41,17973,1,"ERR3201413_1.fastq",53941237,"Adult",0.00103147456697499
"ERR3201413_1","malmuthuge.79",28,12450,4,"ERR3201413_1.fastq",53941237,"Adult",0.00595620639108163
"ERR3201413_1","Pseudoramibacter_alactolyticus_ATCC23263",44,18396,1,"ERR3201413_1.fastq",53941237,"Adult",0.00100775670755825
"ERR3201413_1","10676_min2k_bin.3258",23,9531,2,"ERR3201413_1.fastq",53941237,"Adult",0.00389018831019653
"ERR3201413_1","Megasphaera_elsdenii_2410",31,13602,3,"ERR3201413_1.fastq",53941237,"Adult",0.00408881614297344
"ERR3201413_1","10677_0023_idba_bin.239",41,18483,2,"ERR3201413_1.fastq",53941237,"Adult",0.00200602633687622
"ERR3201413_1","Ruminococcaceae_CPB6",41,18129,1,"ERR3201413_1.fastq",53941237,"Adult",0.00102259873088651
"ERR3275128_1","10677_0019_idba_bin.218",40,17688,1844,"ERR3275128_1.fastq",134074212,"Adult",0.777565412229398
"ERR3275128_1","10678_0051_idba_bin.51",43,20247,2061,"ERR3275128_1.fastq",134074212,"Adult",0.759227719356016
"ERR3275128_1","10676_0049_idba_bin.70",39,19470,1709,"ERR3275128_1.fastq",134074212,"Adult",0.654682689779056
"ERR3275128_1","10674_0009_idba_bin.117",37,20709,1365,"ERR3275128_1.fastq",134074212,"Adult",0.491618559713159
"ERR3275128_1","10677_0034_idba_bin.198",42,18354,710,"ERR3275128_1.fastq",134074212,"Adult",0.288524281507275
"ERR3275128_1","10676_min2k_bin.2753",42,18609,60,"ERR3275128_1.fastq",134074212,"Adult",0.0240482213866735
"ERR3275128_1","malmuthuge.34",41,17973,20,"ERR3275128_1.fastq",134074212,"Adult",0.00829973389314726
"ERR3275128_1","Megasphaera_hexanoica_MH",42,17547,21,"ERR3275128_1.fastq",134074212,"Adult",0.00892629356155539
"ERR3275128_1","10676_min2k_bin.3406",41,18084,12,"ERR3275128_1.fastq",134074212,"Adult",0.0049492739635546
"ERR3275128_1","10674_min2k_bin.1792",42,18066,43,"ERR3275128_1.fastq",134074212,"Adult",0.0177525684773775
"ERR3275128_1","malmuthuge.79",28,12450,29,"ERR3275128_1.fastq",134074212,"Adult",0.0173733429742351
"ERR3275128_1","malmuthuge.158",35,15363,11,"ERR3275128_1.fastq",134074212,"Adult",0.00534037066288125
"ERR3275128_1","malmuthuge.164",43,18489,24,"ERR3275128_1.fastq",134074212,"Adult",0.00968172106192022
"ERR3275128_1","10675_0017_idba_bin.63",18,10164,58,"ERR3275128_1.fastq",134074212,"Adult",0.0425616135437282
"ERR3275128_1","Ruminococcaceae_CPB6",41,18129,18,"ERR3275128_1.fastq",134074212,"Adult",0.00740548323323858
"ERR3275128_1","10678_min2k_bin.2957",37,16101,79,"ERR3275128_1.fastq",134074212,"Adult",0.0365956097871602
"ERR3275128_1","Pseudoramibacter_alactolyticus_ATCC23263",44,18396,10,"ERR3275128_1.fastq",134074212,"Adult",0.00405444437001347
"ERR3275128_1","malmuthuge.128",41,18225,10,"ERR3275128_1.fastq",134074212,"Adult",0.00409248607027533
"ERR3275128_1","10678_0024_idba_bin.135",41,17709,42,"ERR3275128_1.fastq",134074212,"Adult",0.0176892736037735
"ERR3275128_1","Megasphaera_elsdenii_2410",31,13602,12,"ERR3275128_1.fastq",134074212,"Adult",0.00658011103932667
"ERR3275128_1","10677_min2k_bin.4359",27,11229,8,"ERR3275128_1.fastq",134074212,"Adult",0.00531378100495274
"ERR3275128_1","10677_0023_idba_bin.13",41,18111,16,"ERR3275128_1.fastq",134074212,"Adult",0.00658919407041183
"ERR3275128_1","10677_0023_idba_bin.239",41,18483,7,"ERR3275128_1.fastq",134074212,"Adult",0.00282475199056092
"ERR3275128_1","10676_min2k_bin.3258",23,9531,10,"ERR3275128_1.fastq",134074212,"Adult",0.00782557534684376
"ERR3275128_1","10674_0003_idba_bin.96",41,18645,20,"ERR3275128_1.fastq",134074212,"Adult",0.00800059625966939
"ERR3275128_1","10677_0019_idba_bin.37",23,9222,5,"ERR3275128_1.fastq",134074212,"Adult",0.00404389279065104
"ERR3275128_1","10677_min2k_bin.3664",29,11922,2,"ERR3275128_1.fastq",134074212,"Adult",0.00125122561031317
